   0.0000000e+00	   0.0000000e+00	
   4.9900000e-01	   0.0000000e+00	
   1.0000000e+00	   6.2790520e-02	
   1.4990000e+00	   6.2790520e-02	
   2.0000000e+00	   1.2533323e-01	
   2.4990000e+00	   1.2533323e-01	
   3.0000000e+00	   1.8738131e-01	
   3.4990000e+00	   1.8738131e-01	
   4.0000000e+00	   2.4868989e-01	
   4.4990000e+00	   2.4868989e-01	
   5.0000000e+00	   3.0901699e-01	
   5.4990000e+00	   3.0901699e-01	
   6.0000000e+00	   3.6812455e-01	
   6.4990000e+00	   3.6812455e-01	
   7.0000000e+00	   4.2577929e-01	
   7.4990000e+00	   4.2577929e-01	
   8.0000000e+00	   4.8175367e-01	
   8.4990000e+00	   4.8175367e-01	
   9.0000000e+00	   5.3582679e-01	
   9.4990000e+00	   5.3582679e-01	
   1.0000000e+01	   5.8778525e-01	
   1.0499000e+01	   5.8778525e-01	
   1.1000000e+01	   6.3742399e-01	
   1.1499000e+01	   6.3742399e-01	
   1.2000000e+01	   6.8454711e-01	
   1.2499000e+01	   6.8454711e-01	
   1.3000000e+01	   7.2896863e-01	
   1.3499000e+01	   7.2896863e-01	
   1.4000000e+01	   7.7051324e-01	
   1.4499000e+01	   7.7051324e-01	
   1.5000000e+01	   8.0901699e-01	
   1.5499000e+01	   8.0901699e-01	
   1.6000000e+01	   8.4432793e-01	
   1.6499000e+01	   8.4432793e-01	
   1.7000000e+01	   8.7630668e-01	
   1.7499000e+01	   8.7630668e-01	
   1.8000000e+01	   9.0482705e-01	
   1.8499000e+01	   9.0482705e-01	
   1.9000000e+01	   9.2977649e-01	
   1.9499000e+01	   9.2977649e-01	
   2.0000000e+01	   9.5105652e-01	
   2.0499000e+01	   9.5105652e-01	
   2.1000000e+01	   9.6858316e-01	
   2.1499000e+01	   9.6858316e-01	
   2.2000000e+01	   9.8228725e-01	
   2.2499000e+01	   9.8228725e-01	
   2.3000000e+01	   9.9211470e-01	
   2.3499000e+01	   9.9211470e-01	
   2.4000000e+01	   9.9802673e-01	
   2.4499000e+01	   9.9802673e-01	
   2.5000000e+01	   1.0000000e+00	
   2.5499000e+01	   1.0000000e+00	
   2.6000000e+01	   9.9802673e-01	
   2.6499000e+01	   9.9802673e-01	
   2.7000000e+01	   9.9211470e-01	
   2.7499000e+01	   9.9211470e-01	
   2.8000000e+01	   9.8228725e-01	
   2.8499000e+01	   9.8228725e-01	
   2.9000000e+01	   9.6858316e-01	
   2.9499000e+01	   9.6858316e-01	
   3.0000000e+01	   9.5105652e-01	
   3.0499000e+01	   9.5105652e-01	
   3.1000000e+01	   9.2977649e-01	
   3.1499000e+01	   9.2977649e-01	
   3.2000000e+01	   9.0482705e-01	
   3.2499000e+01	   9.0482705e-01	
   3.3000000e+01	   8.7630668e-01	
   3.3499000e+01	   8.7630668e-01	
   3.4000000e+01	   8.4432793e-01	
   3.4499000e+01	   8.4432793e-01	
   3.5000000e+01	   8.0901699e-01	
   3.5499000e+01	   8.0901699e-01	
   3.6000000e+01	   7.7051324e-01	
   3.6499000e+01	   7.7051324e-01	
   3.7000000e+01	   7.2896863e-01	
   3.7499000e+01	   7.2896863e-01	
   3.8000000e+01	   6.8454711e-01	
   3.8499000e+01	   6.8454711e-01	
   3.9000000e+01	   6.3742399e-01	
   3.9499000e+01	   6.3742399e-01	
   4.0000000e+01	   5.8778525e-01	
   4.0499000e+01	   5.8778525e-01	
   4.1000000e+01	   5.3582679e-01	
   4.1499000e+01	   5.3582679e-01	
   4.2000000e+01	   4.8175367e-01	
   4.2499000e+01	   4.8175367e-01	
   4.3000000e+01	   4.2577929e-01	
   4.3499000e+01	   4.2577929e-01	
   4.4000000e+01	   3.6812455e-01	
   4.4499000e+01	   3.6812455e-01	
   4.5000000e+01	   3.0901699e-01	
   4.5499000e+01	   3.0901699e-01	
   4.6000000e+01	   2.4868989e-01	
   4.6499000e+01	   2.4868989e-01	
   4.7000000e+01	   1.8738131e-01	
   4.7499000e+01	   1.8738131e-01	
   4.8000000e+01	   1.2533323e-01	
   4.8499000e+01	   1.2533323e-01	
   4.9000000e+01	   6.2790520e-02	
   4.9499000e+01	   6.2790520e-02	
   5.0000000e+01	   1.2246468e-16	
   5.0499000e+01	   1.2246468e-16	
   5.1000000e+01	  -6.2790520e-02	
   5.1499000e+01	  -6.2790520e-02	
   5.2000000e+01	  -1.2533323e-01	
   5.2499000e+01	  -1.2533323e-01	
   5.3000000e+01	  -1.8738131e-01	
   5.3499000e+01	  -1.8738131e-01	
   5.4000000e+01	  -2.4868989e-01	
   5.4499000e+01	  -2.4868989e-01	
   5.5000000e+01	  -3.0901699e-01	
   5.5499000e+01	  -3.0901699e-01	
   5.6000000e+01	  -3.6812455e-01	
   5.6499000e+01	  -3.6812455e-01	
   5.7000000e+01	  -4.2577929e-01	
   5.7499000e+01	  -4.2577929e-01	
   5.8000000e+01	  -4.8175367e-01	
   5.8499000e+01	  -4.8175367e-01	
   5.9000000e+01	  -5.3582679e-01	
   5.9499000e+01	  -5.3582679e-01	
   6.0000000e+01	  -5.8778525e-01	
   6.0499000e+01	  -5.8778525e-01	
   6.1000000e+01	  -6.3742399e-01	
   6.1499000e+01	  -6.3742399e-01	
   6.2000000e+01	  -6.8454711e-01	
   6.2499000e+01	  -6.8454711e-01	
   6.3000000e+01	  -7.2896863e-01	
   6.3499000e+01	  -7.2896863e-01	
   6.4000000e+01	  -7.7051324e-01	
   6.4499000e+01	  -7.7051324e-01	
   6.5000000e+01	  -8.0901699e-01	
   6.5499000e+01	  -8.0901699e-01	
   6.6000000e+01	  -8.4432793e-01	
   6.6499000e+01	  -8.4432793e-01	
   6.7000000e+01	  -8.7630668e-01	
   6.7499000e+01	  -8.7630668e-01	
   6.8000000e+01	  -9.0482705e-01	
   6.8499000e+01	  -9.0482705e-01	
   6.9000000e+01	  -9.2977649e-01	
   6.9499000e+01	  -9.2977649e-01	
   7.0000000e+01	  -9.5105652e-01	
   7.0499000e+01	  -9.5105652e-01	
   7.1000000e+01	  -9.6858316e-01	
   7.1499000e+01	  -9.6858316e-01	
   7.2000000e+01	  -9.8228725e-01	
   7.2499000e+01	  -9.8228725e-01	
   7.3000000e+01	  -9.9211470e-01	
   7.3499000e+01	  -9.9211470e-01	
   7.4000000e+01	  -9.9802673e-01	
   7.4499000e+01	  -9.9802673e-01	
   7.5000000e+01	  -1.0000000e+00	
   7.5499000e+01	  -1.0000000e+00	
   7.6000000e+01	  -9.9802673e-01	
   7.6499000e+01	  -9.9802673e-01	
   7.7000000e+01	  -9.9211470e-01	
   7.7499000e+01	  -9.9211470e-01	
   7.8000000e+01	  -9.8228725e-01	
   7.8499000e+01	  -9.8228725e-01	
   7.9000000e+01	  -9.6858316e-01	
   7.9499000e+01	  -9.6858316e-01	
   8.0000000e+01	  -9.5105652e-01	
   8.0499000e+01	  -9.5105652e-01	
   8.1000000e+01	  -9.2977649e-01	
   8.1499000e+01	  -9.2977649e-01	
   8.2000000e+01	  -9.0482705e-01	
   8.2499000e+01	  -9.0482705e-01	
   8.3000000e+01	  -8.7630668e-01	
   8.3499000e+01	  -8.7630668e-01	
   8.4000000e+01	  -8.4432793e-01	
   8.4499000e+01	  -8.4432793e-01	
   8.5000000e+01	  -8.0901699e-01	
   8.5499000e+01	  -8.0901699e-01	
   8.6000000e+01	  -7.7051324e-01	
   8.6499000e+01	  -7.7051324e-01	
   8.7000000e+01	  -7.2896863e-01	
   8.7499000e+01	  -7.2896863e-01	
   8.8000000e+01	  -6.8454711e-01	
   8.8499000e+01	  -6.8454711e-01	
   8.9000000e+01	  -6.3742399e-01	
   8.9499000e+01	  -6.3742399e-01	
   9.0000000e+01	  -5.8778525e-01	
   9.0499000e+01	  -5.8778525e-01	
   9.1000000e+01	  -5.3582679e-01	
   9.1499000e+01	  -5.3582679e-01	
   9.2000000e+01	  -4.8175367e-01	
   9.2499000e+01	  -4.8175367e-01	
   9.3000000e+01	  -4.2577929e-01	
   9.3499000e+01	  -4.2577929e-01	
   9.4000000e+01	  -3.6812455e-01	
   9.4499000e+01	  -3.6812455e-01	
   9.5000000e+01	  -3.0901699e-01	
   9.5499000e+01	  -3.0901699e-01	
   9.6000000e+01	  -2.4868989e-01	
   9.6499000e+01	  -2.4868989e-01	
   9.7000000e+01	  -1.8738131e-01	
   9.7499000e+01	  -1.8738131e-01	
   9.8000000e+01	  -1.2533323e-01	
   9.8499000e+01	  -1.2533323e-01	
   9.9000000e+01	  -6.2790520e-02	
   9.9499000e+01	  -6.2790520e-02	
   1.0000000e+02	  -2.4492936e-16	
   1.0049900e+02	  -2.4492936e-16	
   1.0100000e+02	   6.2790520e-02	
   1.0149900e+02	   6.2790520e-02	
   1.0200000e+02	   1.2533323e-01	
   1.0249900e+02	   1.2533323e-01	
   1.0300000e+02	   1.8738131e-01	
   1.0349900e+02	   1.8738131e-01	
   1.0400000e+02	   2.4868989e-01	
   1.0449900e+02	   2.4868989e-01	
   1.0500000e+02	   3.0901699e-01	
   1.0549900e+02	   3.0901699e-01	
   1.0600000e+02	   3.6812455e-01	
   1.0649900e+02	   3.6812455e-01	
   1.0700000e+02	   4.2577929e-01	
   1.0749900e+02	   4.2577929e-01	
   1.0800000e+02	   4.8175367e-01	
   1.0849900e+02	   4.8175367e-01	
   1.0900000e+02	   5.3582679e-01	
   1.0949900e+02	   5.3582679e-01	
   1.1000000e+02	   5.8778525e-01	
   1.1049900e+02	   5.8778525e-01	
   1.1100000e+02	   6.3742399e-01	
   1.1149900e+02	   6.3742399e-01	
   1.1200000e+02	   6.8454711e-01	
   1.1249900e+02	   6.8454711e-01	
   1.1300000e+02	   7.2896863e-01	
   1.1349900e+02	   7.2896863e-01	
   1.1400000e+02	   7.7051324e-01	
   1.1449900e+02	   7.7051324e-01	
   1.1500000e+02	   8.0901699e-01	
   1.1549900e+02	   8.0901699e-01	
   1.1600000e+02	   8.4432793e-01	
   1.1649900e+02	   8.4432793e-01	
   1.1700000e+02	   8.7630668e-01	
   1.1749900e+02	   8.7630668e-01	
   1.1800000e+02	   9.0482705e-01	
   1.1849900e+02	   9.0482705e-01	
   1.1900000e+02	   9.2977649e-01	
   1.1949900e+02	   9.2977649e-01	
   1.2000000e+02	   9.5105652e-01	
   1.2049900e+02	   9.5105652e-01	
   1.2100000e+02	   9.6858316e-01	
   1.2149900e+02	   9.6858316e-01	
   1.2200000e+02	   9.8228725e-01	
   1.2249900e+02	   9.8228725e-01	
   1.2300000e+02	   9.9211470e-01	
   1.2349900e+02	   9.9211470e-01	
   1.2400000e+02	   9.9802673e-01	
   1.2449900e+02	   9.9802673e-01	
   1.2500000e+02	   1.0000000e+00	
   1.2549900e+02	   1.0000000e+00	
   1.2600000e+02	   9.9802673e-01	
   1.2649900e+02	   9.9802673e-01	
   1.2700000e+02	   9.9211470e-01	
   1.2749900e+02	   9.9211470e-01	
   1.2800000e+02	   9.8228725e-01	
   1.2849900e+02	   9.8228725e-01	
   1.2900000e+02	   9.6858316e-01	
   1.2949900e+02	   9.6858316e-01	
   1.3000000e+02	   9.5105652e-01	
   1.3049900e+02	   9.5105652e-01	
   1.3100000e+02	   9.2977649e-01	
   1.3149900e+02	   9.2977649e-01	
   1.3200000e+02	   9.0482705e-01	
   1.3249900e+02	   9.0482705e-01	
   1.3300000e+02	   8.7630668e-01	
   1.3349900e+02	   8.7630668e-01	
   1.3400000e+02	   8.4432793e-01	
   1.3449900e+02	   8.4432793e-01	
   1.3500000e+02	   8.0901699e-01	
   1.3549900e+02	   8.0901699e-01	
   1.3600000e+02	   7.7051324e-01	
   1.3649900e+02	   7.7051324e-01	
   1.3700000e+02	   7.2896863e-01	
   1.3749900e+02	   7.2896863e-01	
   1.3800000e+02	   6.8454711e-01	
   1.3849900e+02	   6.8454711e-01	
   1.3900000e+02	   6.3742399e-01	
   1.3949900e+02	   6.3742399e-01	
   1.4000000e+02	   5.8778525e-01	
   1.4049900e+02	   5.8778525e-01	
   1.4100000e+02	   5.3582679e-01	
   1.4149900e+02	   5.3582679e-01	
   1.4200000e+02	   4.8175367e-01	
   1.4249900e+02	   4.8175367e-01	
   1.4300000e+02	   4.2577929e-01	
   1.4349900e+02	   4.2577929e-01	
   1.4400000e+02	   3.6812455e-01	
   1.4449900e+02	   3.6812455e-01	
   1.4500000e+02	   3.0901699e-01	
   1.4549900e+02	   3.0901699e-01	
   1.4600000e+02	   2.4868989e-01	
   1.4649900e+02	   2.4868989e-01	
   1.4700000e+02	   1.8738131e-01	
   1.4749900e+02	   1.8738131e-01	
   1.4800000e+02	   1.2533323e-01	
   1.4849900e+02	   1.2533323e-01	
   1.4900000e+02	   6.2790520e-02	
   1.4949900e+02	   6.2790520e-02	
   1.5000000e+02	   3.6739404e-16	
   1.5049900e+02	   3.6739404e-16	
   1.5100000e+02	  -6.2790520e-02	
   1.5149900e+02	  -6.2790520e-02	
   1.5200000e+02	  -1.2533323e-01	
   1.5249900e+02	  -1.2533323e-01	
   1.5300000e+02	  -1.8738131e-01	
   1.5349900e+02	  -1.8738131e-01	
   1.5400000e+02	  -2.4868989e-01	
   1.5449900e+02	  -2.4868989e-01	
   1.5500000e+02	  -3.0901699e-01	
   1.5549900e+02	  -3.0901699e-01	
   1.5600000e+02	  -3.6812455e-01	
   1.5649900e+02	  -3.6812455e-01	
   1.5700000e+02	  -4.2577929e-01	
   1.5749900e+02	  -4.2577929e-01	
   1.5800000e+02	  -4.8175367e-01	
   1.5849900e+02	  -4.8175367e-01	
   1.5900000e+02	  -5.3582679e-01	
   1.5949900e+02	  -5.3582679e-01	
   1.6000000e+02	  -5.8778525e-01	
   1.6049900e+02	  -5.8778525e-01	
   1.6100000e+02	  -6.3742399e-01	
   1.6149900e+02	  -6.3742399e-01	
   1.6200000e+02	  -6.8454711e-01	
   1.6249900e+02	  -6.8454711e-01	
   1.6300000e+02	  -7.2896863e-01	
   1.6349900e+02	  -7.2896863e-01	
   1.6400000e+02	  -7.7051324e-01	
   1.6449900e+02	  -7.7051324e-01	
   1.6500000e+02	  -8.0901699e-01	
   1.6549900e+02	  -8.0901699e-01	
   1.6600000e+02	  -8.4432793e-01	
   1.6649900e+02	  -8.4432793e-01	
   1.6700000e+02	  -8.7630668e-01	
   1.6749900e+02	  -8.7630668e-01	
   1.6800000e+02	  -9.0482705e-01	
   1.6849900e+02	  -9.0482705e-01	
   1.6900000e+02	  -9.2977649e-01	
   1.6949900e+02	  -9.2977649e-01	
   1.7000000e+02	  -9.5105652e-01	
   1.7049900e+02	  -9.5105652e-01	
   1.7100000e+02	  -9.6858316e-01	
   1.7149900e+02	  -9.6858316e-01	
   1.7200000e+02	  -9.8228725e-01	
   1.7249900e+02	  -9.8228725e-01	
   1.7300000e+02	  -9.9211470e-01	
   1.7349900e+02	  -9.9211470e-01	
   1.7400000e+02	  -9.9802673e-01	
   1.7449900e+02	  -9.9802673e-01	
   1.7500000e+02	  -1.0000000e+00	
   1.7549900e+02	  -1.0000000e+00	
   1.7600000e+02	  -9.9802673e-01	
   1.7649900e+02	  -9.9802673e-01	
   1.7700000e+02	  -9.9211470e-01	
   1.7749900e+02	  -9.9211470e-01	
   1.7800000e+02	  -9.8228725e-01	
   1.7849900e+02	  -9.8228725e-01	
   1.7900000e+02	  -9.6858316e-01	
   1.7949900e+02	  -9.6858316e-01	
   1.8000000e+02	  -9.5105652e-01	
   1.8049900e+02	  -9.5105652e-01	
   1.8100000e+02	  -9.2977649e-01	
   1.8149900e+02	  -9.2977649e-01	
   1.8200000e+02	  -9.0482705e-01	
   1.8249900e+02	  -9.0482705e-01	
   1.8300000e+02	  -8.7630668e-01	
   1.8349900e+02	  -8.7630668e-01	
   1.8400000e+02	  -8.4432793e-01	
   1.8449900e+02	  -8.4432793e-01	
   1.8500000e+02	  -8.0901699e-01	
   1.8549900e+02	  -8.0901699e-01	
   1.8600000e+02	  -7.7051324e-01	
   1.8649900e+02	  -7.7051324e-01	
   1.8700000e+02	  -7.2896863e-01	
   1.8749900e+02	  -7.2896863e-01	
   1.8800000e+02	  -6.8454711e-01	
   1.8849900e+02	  -6.8454711e-01	
   1.8900000e+02	  -6.3742399e-01	
   1.8949900e+02	  -6.3742399e-01	
   1.9000000e+02	  -5.8778525e-01	
   1.9049900e+02	  -5.8778525e-01	
   1.9100000e+02	  -5.3582679e-01	
   1.9149900e+02	  -5.3582679e-01	
   1.9200000e+02	  -4.8175367e-01	
   1.9249900e+02	  -4.8175367e-01	
   1.9300000e+02	  -4.2577929e-01	
   1.9349900e+02	  -4.2577929e-01	
   1.9400000e+02	  -3.6812455e-01	
   1.9449900e+02	  -3.6812455e-01	
   1.9500000e+02	  -3.0901699e-01	
   1.9549900e+02	  -3.0901699e-01	
   1.9600000e+02	  -2.4868989e-01	
   1.9649900e+02	  -2.4868989e-01	
   1.9700000e+02	  -1.8738131e-01	
   1.9749900e+02	  -1.8738131e-01	
   1.9800000e+02	  -1.2533323e-01	
   1.9849900e+02	  -1.2533323e-01	
   1.9900000e+02	  -6.2790520e-02	
   1.9949900e+02	  -6.2790520e-02	
   2.0000000e+02	  -4.8985872e-16	
   2.0049900e+02	  -4.8985872e-16	
   2.0100000e+02	   6.2790520e-02	
   2.0149900e+02	   6.2790520e-02	
   2.0200000e+02	   1.2533323e-01	
   2.0249900e+02	   1.2533323e-01	
   2.0300000e+02	   1.8738131e-01	
   2.0349900e+02	   1.8738131e-01	
   2.0400000e+02	   2.4868989e-01	
   2.0449900e+02	   2.4868989e-01	
   2.0500000e+02	   3.0901699e-01	
   2.0549900e+02	   3.0901699e-01	
   2.0600000e+02	   3.6812455e-01	
   2.0649900e+02	   3.6812455e-01	
   2.0700000e+02	   4.2577929e-01	
   2.0749900e+02	   4.2577929e-01	
   2.0800000e+02	   4.8175367e-01	
   2.0849900e+02	   4.8175367e-01	
   2.0900000e+02	   5.3582679e-01	
   2.0949900e+02	   5.3582679e-01	
   2.1000000e+02	   5.8778525e-01	
   2.1049900e+02	   5.8778525e-01	
   2.1100000e+02	   6.3742399e-01	
   2.1149900e+02	   6.3742399e-01	
   2.1200000e+02	   6.8454711e-01	
   2.1249900e+02	   6.8454711e-01	
   2.1300000e+02	   7.2896863e-01	
   2.1349900e+02	   7.2896863e-01	
   2.1400000e+02	   7.7051324e-01	
   2.1449900e+02	   7.7051324e-01	
   2.1500000e+02	   8.0901699e-01	
   2.1549900e+02	   8.0901699e-01	
   2.1600000e+02	   8.4432793e-01	
   2.1649900e+02	   8.4432793e-01	
   2.1700000e+02	   8.7630668e-01	
   2.1749900e+02	   8.7630668e-01	
   2.1800000e+02	   9.0482705e-01	
   2.1849900e+02	   9.0482705e-01	
   2.1900000e+02	   9.2977649e-01	
   2.1949900e+02	   9.2977649e-01	
   2.2000000e+02	   9.5105652e-01	
   2.2049900e+02	   9.5105652e-01	
   2.2100000e+02	   9.6858316e-01	
   2.2149900e+02	   9.6858316e-01	
   2.2200000e+02	   9.8228725e-01	
   2.2249900e+02	   9.8228725e-01	
   2.2300000e+02	   9.9211470e-01	
   2.2349900e+02	   9.9211470e-01	
   2.2400000e+02	   9.9802673e-01	
   2.2449900e+02	   9.9802673e-01	
   2.2500000e+02	   1.0000000e+00	
   2.2549900e+02	   1.0000000e+00	
   2.2600000e+02	   9.9802673e-01	
   2.2649900e+02	   9.9802673e-01	
   2.2700000e+02	   9.9211470e-01	
   2.2749900e+02	   9.9211470e-01	
   2.2800000e+02	   9.8228725e-01	
   2.2849900e+02	   9.8228725e-01	
   2.2900000e+02	   9.6858316e-01	
   2.2949900e+02	   9.6858316e-01	
   2.3000000e+02	   9.5105652e-01	
   2.3049900e+02	   9.5105652e-01	
   2.3100000e+02	   9.2977649e-01	
   2.3149900e+02	   9.2977649e-01	
   2.3200000e+02	   9.0482705e-01	
   2.3249900e+02	   9.0482705e-01	
   2.3300000e+02	   8.7630668e-01	
   2.3349900e+02	   8.7630668e-01	
   2.3400000e+02	   8.4432793e-01	
   2.3449900e+02	   8.4432793e-01	
   2.3500000e+02	   8.0901699e-01	
   2.3549900e+02	   8.0901699e-01	
   2.3600000e+02	   7.7051324e-01	
   2.3649900e+02	   7.7051324e-01	
   2.3700000e+02	   7.2896863e-01	
   2.3749900e+02	   7.2896863e-01	
   2.3800000e+02	   6.8454711e-01	
   2.3849900e+02	   6.8454711e-01	
   2.3900000e+02	   6.3742399e-01	
   2.3949900e+02	   6.3742399e-01	
   2.4000000e+02	   5.8778525e-01	
   2.4049900e+02	   5.8778525e-01	
   2.4100000e+02	   5.3582679e-01	
   2.4149900e+02	   5.3582679e-01	
   2.4200000e+02	   4.8175367e-01	
   2.4249900e+02	   4.8175367e-01	
   2.4300000e+02	   4.2577929e-01	
   2.4349900e+02	   4.2577929e-01	
   2.4400000e+02	   3.6812455e-01	
   2.4449900e+02	   3.6812455e-01	
   2.4500000e+02	   3.0901699e-01	
   2.4549900e+02	   3.0901699e-01	
   2.4600000e+02	   2.4868989e-01	
   2.4649900e+02	   2.4868989e-01	
   2.4700000e+02	   1.8738131e-01	
   2.4749900e+02	   1.8738131e-01	
   2.4800000e+02	   1.2533323e-01	
   2.4849900e+02	   1.2533323e-01	
   2.4900000e+02	   6.2790520e-02	
   2.4949900e+02	   6.2790520e-02	
   2.5000000e+02	   6.1232340e-16	
   2.5049900e+02	   6.1232340e-16	
   2.5100000e+02	  -6.2790520e-02	
   2.5149900e+02	  -6.2790520e-02	
   2.5200000e+02	  -1.2533323e-01	
   2.5249900e+02	  -1.2533323e-01	
   2.5300000e+02	  -1.8738131e-01	
   2.5349900e+02	  -1.8738131e-01	
   2.5400000e+02	  -2.4868989e-01	
   2.5449900e+02	  -2.4868989e-01	
   2.5500000e+02	  -3.0901699e-01	
   2.5549900e+02	  -3.0901699e-01	
   2.5600000e+02	  -3.6812455e-01	
   2.5649900e+02	  -3.6812455e-01	
   2.5700000e+02	  -4.2577929e-01	
   2.5749900e+02	  -4.2577929e-01	
   2.5800000e+02	  -4.8175367e-01	
   2.5849900e+02	  -4.8175367e-01	
   2.5900000e+02	  -5.3582679e-01	
   2.5949900e+02	  -5.3582679e-01	
   2.6000000e+02	  -5.8778525e-01	
   2.6049900e+02	  -5.8778525e-01	
   2.6100000e+02	  -6.3742399e-01	
   2.6149900e+02	  -6.3742399e-01	
   2.6200000e+02	  -6.8454711e-01	
   2.6249900e+02	  -6.8454711e-01	
   2.6300000e+02	  -7.2896863e-01	
   2.6349900e+02	  -7.2896863e-01	
   2.6400000e+02	  -7.7051324e-01	
   2.6449900e+02	  -7.7051324e-01	
   2.6500000e+02	  -8.0901699e-01	
   2.6549900e+02	  -8.0901699e-01	
   2.6600000e+02	  -8.4432793e-01	
   2.6649900e+02	  -8.4432793e-01	
   2.6700000e+02	  -8.7630668e-01	
   2.6749900e+02	  -8.7630668e-01	
   2.6800000e+02	  -9.0482705e-01	
   2.6849900e+02	  -9.0482705e-01	
   2.6900000e+02	  -9.2977649e-01	
   2.6949900e+02	  -9.2977649e-01	
   2.7000000e+02	  -9.5105652e-01	
   2.7049900e+02	  -9.5105652e-01	
   2.7100000e+02	  -9.6858316e-01	
   2.7149900e+02	  -9.6858316e-01	
   2.7200000e+02	  -9.8228725e-01	
   2.7249900e+02	  -9.8228725e-01	
   2.7300000e+02	  -9.9211470e-01	
   2.7349900e+02	  -9.9211470e-01	
   2.7400000e+02	  -9.9802673e-01	
   2.7449900e+02	  -9.9802673e-01	
   2.7500000e+02	  -1.0000000e+00	
   2.7549900e+02	  -1.0000000e+00	
   2.7600000e+02	  -9.9802673e-01	
   2.7649900e+02	  -9.9802673e-01	
   2.7700000e+02	  -9.9211470e-01	
   2.7749900e+02	  -9.9211470e-01	
   2.7800000e+02	  -9.8228725e-01	
   2.7849900e+02	  -9.8228725e-01	
   2.7900000e+02	  -9.6858316e-01	
   2.7949900e+02	  -9.6858316e-01	
   2.8000000e+02	  -9.5105652e-01	
   2.8049900e+02	  -9.5105652e-01	
   2.8100000e+02	  -9.2977649e-01	
   2.8149900e+02	  -9.2977649e-01	
   2.8200000e+02	  -9.0482705e-01	
   2.8249900e+02	  -9.0482705e-01	
   2.8300000e+02	  -8.7630668e-01	
   2.8349900e+02	  -8.7630668e-01	
   2.8400000e+02	  -8.4432793e-01	
   2.8449900e+02	  -8.4432793e-01	
   2.8500000e+02	  -8.0901699e-01	
   2.8549900e+02	  -8.0901699e-01	
   2.8600000e+02	  -7.7051324e-01	
   2.8649900e+02	  -7.7051324e-01	
   2.8700000e+02	  -7.2896863e-01	
   2.8749900e+02	  -7.2896863e-01	
   2.8800000e+02	  -6.8454711e-01	
   2.8849900e+02	  -6.8454711e-01	
   2.8900000e+02	  -6.3742399e-01	
   2.8949900e+02	  -6.3742399e-01	
   2.9000000e+02	  -5.8778525e-01	
   2.9049900e+02	  -5.8778525e-01	
   2.9100000e+02	  -5.3582679e-01	
   2.9149900e+02	  -5.3582679e-01	
   2.9200000e+02	  -4.8175367e-01	
   2.9249900e+02	  -4.8175367e-01	
   2.9300000e+02	  -4.2577929e-01	
   2.9349900e+02	  -4.2577929e-01	
   2.9400000e+02	  -3.6812455e-01	
   2.9449900e+02	  -3.6812455e-01	
   2.9500000e+02	  -3.0901699e-01	
   2.9549900e+02	  -3.0901699e-01	
   2.9600000e+02	  -2.4868989e-01	
   2.9649900e+02	  -2.4868989e-01	
   2.9700000e+02	  -1.8738131e-01	
   2.9749900e+02	  -1.8738131e-01	
   2.9800000e+02	  -1.2533323e-01	
   2.9849900e+02	  -1.2533323e-01	
   2.9900000e+02	  -6.2790520e-02	
   2.9949900e+02	  -6.2790520e-02	
   3.0000000e+02	  -7.3478808e-16	
   3.0049900e+02	  -7.3478808e-16	
   3.0100000e+02	   6.2790520e-02	
   3.0149900e+02	   6.2790520e-02	
   3.0200000e+02	   1.2533323e-01	
   3.0249900e+02	   1.2533323e-01	
   3.0300000e+02	   1.8738131e-01	
   3.0349900e+02	   1.8738131e-01	
   3.0400000e+02	   2.4868989e-01	
   3.0449900e+02	   2.4868989e-01	
   3.0500000e+02	   3.0901699e-01	
   3.0549900e+02	   3.0901699e-01	
   3.0600000e+02	   3.6812455e-01	
   3.0649900e+02	   3.6812455e-01	
   3.0700000e+02	   4.2577929e-01	
   3.0749900e+02	   4.2577929e-01	
   3.0800000e+02	   4.8175367e-01	
   3.0849900e+02	   4.8175367e-01	
   3.0900000e+02	   5.3582679e-01	
   3.0949900e+02	   5.3582679e-01	
   3.1000000e+02	   5.8778525e-01	
   3.1049900e+02	   5.8778525e-01	
   3.1100000e+02	   6.3742399e-01	
   3.1149900e+02	   6.3742399e-01	
   3.1200000e+02	   6.8454711e-01	
   3.1249900e+02	   6.8454711e-01	
   3.1300000e+02	   7.2896863e-01	
   3.1349900e+02	   7.2896863e-01	
   3.1400000e+02	   7.7051324e-01	
   3.1449900e+02	   7.7051324e-01	
   3.1500000e+02	   8.0901699e-01	
   3.1549900e+02	   8.0901699e-01	
   3.1600000e+02	   8.4432793e-01	
   3.1649900e+02	   8.4432793e-01	
   3.1700000e+02	   8.7630668e-01	
   3.1749900e+02	   8.7630668e-01	
   3.1800000e+02	   9.0482705e-01	
   3.1849900e+02	   9.0482705e-01	
   3.1900000e+02	   9.2977649e-01	
   3.1949900e+02	   9.2977649e-01	
   3.2000000e+02	   9.5105652e-01	
   3.2049900e+02	   9.5105652e-01	
   3.2100000e+02	   9.6858316e-01	
   3.2149900e+02	   9.6858316e-01	
   3.2200000e+02	   9.8228725e-01	
   3.2249900e+02	   9.8228725e-01	
   3.2300000e+02	   9.9211470e-01	
   3.2349900e+02	   9.9211470e-01	
   3.2400000e+02	   9.9802673e-01	
   3.2449900e+02	   9.9802673e-01	
   3.2500000e+02	   1.0000000e+00	
   3.2549900e+02	   1.0000000e+00	
   3.2600000e+02	   9.9802673e-01	
   3.2649900e+02	   9.9802673e-01	
   3.2700000e+02	   9.9211470e-01	
   3.2749900e+02	   9.9211470e-01	
   3.2800000e+02	   9.8228725e-01	
   3.2849900e+02	   9.8228725e-01	
   3.2900000e+02	   9.6858316e-01	
   3.2949900e+02	   9.6858316e-01	
   3.3000000e+02	   9.5105652e-01	
   3.3049900e+02	   9.5105652e-01	
   3.3100000e+02	   9.2977649e-01	
   3.3149900e+02	   9.2977649e-01	
   3.3200000e+02	   9.0482705e-01	
   3.3249900e+02	   9.0482705e-01	
   3.3300000e+02	   8.7630668e-01	
   3.3349900e+02	   8.7630668e-01	
   3.3400000e+02	   8.4432793e-01	
   3.3449900e+02	   8.4432793e-01	
   3.3500000e+02	   8.0901699e-01	
   3.3549900e+02	   8.0901699e-01	
   3.3600000e+02	   7.7051324e-01	
   3.3649900e+02	   7.7051324e-01	
   3.3700000e+02	   7.2896863e-01	
   3.3749900e+02	   7.2896863e-01	
   3.3800000e+02	   6.8454711e-01	
   3.3849900e+02	   6.8454711e-01	
   3.3900000e+02	   6.3742399e-01	
   3.3949900e+02	   6.3742399e-01	
   3.4000000e+02	   5.8778525e-01	
   3.4049900e+02	   5.8778525e-01	
   3.4100000e+02	   5.3582679e-01	
   3.4149900e+02	   5.3582679e-01	
   3.4200000e+02	   4.8175367e-01	
   3.4249900e+02	   4.8175367e-01	
   3.4300000e+02	   4.2577929e-01	
   3.4349900e+02	   4.2577929e-01	
   3.4400000e+02	   3.6812455e-01	
   3.4449900e+02	   3.6812455e-01	
   3.4500000e+02	   3.0901699e-01	
   3.4549900e+02	   3.0901699e-01	
   3.4600000e+02	   2.4868989e-01	
   3.4649900e+02	   2.4868989e-01	
   3.4700000e+02	   1.8738131e-01	
   3.4749900e+02	   1.8738131e-01	
   3.4800000e+02	   1.2533323e-01	
   3.4849900e+02	   1.2533323e-01	
   3.4900000e+02	   6.2790520e-02	
   3.4949900e+02	   6.2790520e-02	
   3.5000000e+02	   8.5725276e-16	
   3.5049900e+02	   8.5725276e-16	
   3.5100000e+02	  -6.2790520e-02	
   3.5149900e+02	  -6.2790520e-02	
   3.5200000e+02	  -1.2533323e-01	
   3.5249900e+02	  -1.2533323e-01	
   3.5300000e+02	  -1.8738131e-01	
   3.5349900e+02	  -1.8738131e-01	
   3.5400000e+02	  -2.4868989e-01	
   3.5449900e+02	  -2.4868989e-01	
   3.5500000e+02	  -3.0901699e-01	
   3.5549900e+02	  -3.0901699e-01	
   3.5600000e+02	  -3.6812455e-01	
   3.5649900e+02	  -3.6812455e-01	
   3.5700000e+02	  -4.2577929e-01	
   3.5749900e+02	  -4.2577929e-01	
   3.5800000e+02	  -4.8175367e-01	
   3.5849900e+02	  -4.8175367e-01	
   3.5900000e+02	  -5.3582679e-01	
   3.5949900e+02	  -5.3582679e-01	
   3.6000000e+02	  -5.8778525e-01	
   3.6049900e+02	  -5.8778525e-01	
   3.6100000e+02	  -6.3742399e-01	
   3.6149900e+02	  -6.3742399e-01	
   3.6200000e+02	  -6.8454711e-01	
   3.6249900e+02	  -6.8454711e-01	
   3.6300000e+02	  -7.2896863e-01	
   3.6349900e+02	  -7.2896863e-01	
   3.6400000e+02	  -7.7051324e-01	
   3.6449900e+02	  -7.7051324e-01	
   3.6500000e+02	  -8.0901699e-01	
   3.6549900e+02	  -8.0901699e-01	
   3.6600000e+02	  -8.4432793e-01	
   3.6649900e+02	  -8.4432793e-01	
   3.6700000e+02	  -8.7630668e-01	
   3.6749900e+02	  -8.7630668e-01	
   3.6800000e+02	  -9.0482705e-01	
   3.6849900e+02	  -9.0482705e-01	
   3.6900000e+02	  -9.2977649e-01	
   3.6949900e+02	  -9.2977649e-01	
   3.7000000e+02	  -9.5105652e-01	
   3.7049900e+02	  -9.5105652e-01	
   3.7100000e+02	  -9.6858316e-01	
   3.7149900e+02	  -9.6858316e-01	
   3.7200000e+02	  -9.8228725e-01	
   3.7249900e+02	  -9.8228725e-01	
   3.7300000e+02	  -9.9211470e-01	
   3.7349900e+02	  -9.9211470e-01	
   3.7400000e+02	  -9.9802673e-01	
   3.7449900e+02	  -9.9802673e-01	
   3.7500000e+02	  -1.0000000e+00	
   3.7549900e+02	  -1.0000000e+00	
   3.7600000e+02	  -9.9802673e-01	
   3.7649900e+02	  -9.9802673e-01	
   3.7700000e+02	  -9.9211470e-01	
   3.7749900e+02	  -9.9211470e-01	
   3.7800000e+02	  -9.8228725e-01	
   3.7849900e+02	  -9.8228725e-01	
   3.7900000e+02	  -9.6858316e-01	
   3.7949900e+02	  -9.6858316e-01	
   3.8000000e+02	  -9.5105652e-01	
   3.8049900e+02	  -9.5105652e-01	
   3.8100000e+02	  -9.2977649e-01	
   3.8149900e+02	  -9.2977649e-01	
   3.8200000e+02	  -9.0482705e-01	
   3.8249900e+02	  -9.0482705e-01	
   3.8300000e+02	  -8.7630668e-01	
   3.8349900e+02	  -8.7630668e-01	
   3.8400000e+02	  -8.4432793e-01	
   3.8449900e+02	  -8.4432793e-01	
   3.8500000e+02	  -8.0901699e-01	
   3.8549900e+02	  -8.0901699e-01	
   3.8600000e+02	  -7.7051324e-01	
   3.8649900e+02	  -7.7051324e-01	
   3.8700000e+02	  -7.2896863e-01	
   3.8749900e+02	  -7.2896863e-01	
   3.8800000e+02	  -6.8454711e-01	
   3.8849900e+02	  -6.8454711e-01	
   3.8900000e+02	  -6.3742399e-01	
   3.8949900e+02	  -6.3742399e-01	
   3.9000000e+02	  -5.8778525e-01	
   3.9049900e+02	  -5.8778525e-01	
   3.9100000e+02	  -5.3582679e-01	
   3.9149900e+02	  -5.3582679e-01	
   3.9200000e+02	  -4.8175367e-01	
   3.9249900e+02	  -4.8175367e-01	
   3.9300000e+02	  -4.2577929e-01	
   3.9349900e+02	  -4.2577929e-01	
   3.9400000e+02	  -3.6812455e-01	
   3.9449900e+02	  -3.6812455e-01	
   3.9500000e+02	  -3.0901699e-01	
   3.9549900e+02	  -3.0901699e-01	
   3.9600000e+02	  -2.4868989e-01	
   3.9649900e+02	  -2.4868989e-01	
   3.9700000e+02	  -1.8738131e-01	
   3.9749900e+02	  -1.8738131e-01	
   3.9800000e+02	  -1.2533323e-01	
   3.9849900e+02	  -1.2533323e-01	
   3.9900000e+02	  -6.2790520e-02	
   3.9949900e+02	  -6.2790520e-02	
   4.0000000e+02	  -9.7971744e-16	
   4.0049900e+02	  -9.7971744e-16	
   4.0100000e+02	   6.2790520e-02	
   4.0149900e+02	   6.2790520e-02	
   4.0200000e+02	   1.2533323e-01	
   4.0249900e+02	   1.2533323e-01	
   4.0300000e+02	   1.8738131e-01	
   4.0349900e+02	   1.8738131e-01	
   4.0400000e+02	   2.4868989e-01	
   4.0449900e+02	   2.4868989e-01	
   4.0500000e+02	   3.0901699e-01	
   4.0549900e+02	   3.0901699e-01	
   4.0600000e+02	   3.6812455e-01	
   4.0649900e+02	   3.6812455e-01	
   4.0700000e+02	   4.2577929e-01	
   4.0749900e+02	   4.2577929e-01	
   4.0800000e+02	   4.8175367e-01	
   4.0849900e+02	   4.8175367e-01	
   4.0900000e+02	   5.3582679e-01	
   4.0949900e+02	   5.3582679e-01	
   4.1000000e+02	   5.8778525e-01	
   4.1049900e+02	   5.8778525e-01	
   4.1100000e+02	   6.3742399e-01	
   4.1149900e+02	   6.3742399e-01	
   4.1200000e+02	   6.8454711e-01	
   4.1249900e+02	   6.8454711e-01	
   4.1300000e+02	   7.2896863e-01	
   4.1349900e+02	   7.2896863e-01	
   4.1400000e+02	   7.7051324e-01	
   4.1449900e+02	   7.7051324e-01	
   4.1500000e+02	   8.0901699e-01	
   4.1549900e+02	   8.0901699e-01	
   4.1600000e+02	   8.4432793e-01	
   4.1649900e+02	   8.4432793e-01	
   4.1700000e+02	   8.7630668e-01	
   4.1749900e+02	   8.7630668e-01	
   4.1800000e+02	   9.0482705e-01	
   4.1849900e+02	   9.0482705e-01	
   4.1900000e+02	   9.2977649e-01	
   4.1949900e+02	   9.2977649e-01	
   4.2000000e+02	   9.5105652e-01	
   4.2049900e+02	   9.5105652e-01	
   4.2100000e+02	   9.6858316e-01	
   4.2149900e+02	   9.6858316e-01	
   4.2200000e+02	   9.8228725e-01	
   4.2249900e+02	   9.8228725e-01	
   4.2300000e+02	   9.9211470e-01	
   4.2349900e+02	   9.9211470e-01	
   4.2400000e+02	   9.9802673e-01	
   4.2449900e+02	   9.9802673e-01	
   4.2500000e+02	   1.0000000e+00	
   4.2549900e+02	   1.0000000e+00	
   4.2600000e+02	   9.9802673e-01	
   4.2649900e+02	   9.9802673e-01	
   4.2700000e+02	   9.9211470e-01	
   4.2749900e+02	   9.9211470e-01	
   4.2800000e+02	   9.8228725e-01	
   4.2849900e+02	   9.8228725e-01	
   4.2900000e+02	   9.6858316e-01	
   4.2949900e+02	   9.6858316e-01	
   4.3000000e+02	   9.5105652e-01	
   4.3049900e+02	   9.5105652e-01	
   4.3100000e+02	   9.2977649e-01	
   4.3149900e+02	   9.2977649e-01	
   4.3200000e+02	   9.0482705e-01	
   4.3249900e+02	   9.0482705e-01	
   4.3300000e+02	   8.7630668e-01	
   4.3349900e+02	   8.7630668e-01	
   4.3400000e+02	   8.4432793e-01	
   4.3449900e+02	   8.4432793e-01	
   4.3500000e+02	   8.0901699e-01	
   4.3549900e+02	   8.0901699e-01	
   4.3600000e+02	   7.7051324e-01	
   4.3649900e+02	   7.7051324e-01	
   4.3700000e+02	   7.2896863e-01	
   4.3749900e+02	   7.2896863e-01	
   4.3800000e+02	   6.8454711e-01	
   4.3849900e+02	   6.8454711e-01	
   4.3900000e+02	   6.3742399e-01	
   4.3949900e+02	   6.3742399e-01	
   4.4000000e+02	   5.8778525e-01	
   4.4049900e+02	   5.8778525e-01	
   4.4100000e+02	   5.3582679e-01	
   4.4149900e+02	   5.3582679e-01	
   4.4200000e+02	   4.8175367e-01	
   4.4249900e+02	   4.8175367e-01	
   4.4300000e+02	   4.2577929e-01	
   4.4349900e+02	   4.2577929e-01	
   4.4400000e+02	   3.6812455e-01	
   4.4449900e+02	   3.6812455e-01	
   4.4500000e+02	   3.0901699e-01	
   4.4549900e+02	   3.0901699e-01	
   4.4600000e+02	   2.4868989e-01	
   4.4649900e+02	   2.4868989e-01	
   4.4700000e+02	   1.8738131e-01	
   4.4749900e+02	   1.8738131e-01	
   4.4800000e+02	   1.2533323e-01	
   4.4849900e+02	   1.2533323e-01	
   4.4900000e+02	   6.2790520e-02	
   4.4949900e+02	   6.2790520e-02	
   4.5000000e+02	   1.1021821e-15	
   4.5049900e+02	   1.1021821e-15	
   4.5100000e+02	  -6.2790520e-02	
   4.5149900e+02	  -6.2790520e-02	
   4.5200000e+02	  -1.2533323e-01	
   4.5249900e+02	  -1.2533323e-01	
   4.5300000e+02	  -1.8738131e-01	
   4.5349900e+02	  -1.8738131e-01	
   4.5400000e+02	  -2.4868989e-01	
   4.5449900e+02	  -2.4868989e-01	
   4.5500000e+02	  -3.0901699e-01	
   4.5549900e+02	  -3.0901699e-01	
   4.5600000e+02	  -3.6812455e-01	
   4.5649900e+02	  -3.6812455e-01	
   4.5700000e+02	  -4.2577929e-01	
   4.5749900e+02	  -4.2577929e-01	
   4.5800000e+02	  -4.8175367e-01	
   4.5849900e+02	  -4.8175367e-01	
   4.5900000e+02	  -5.3582679e-01	
   4.5949900e+02	  -5.3582679e-01	
   4.6000000e+02	  -5.8778525e-01	
   4.6049900e+02	  -5.8778525e-01	
   4.6100000e+02	  -6.3742399e-01	
   4.6149900e+02	  -6.3742399e-01	
   4.6200000e+02	  -6.8454711e-01	
   4.6249900e+02	  -6.8454711e-01	
   4.6300000e+02	  -7.2896863e-01	
   4.6349900e+02	  -7.2896863e-01	
   4.6400000e+02	  -7.7051324e-01	
   4.6449900e+02	  -7.7051324e-01	
   4.6500000e+02	  -8.0901699e-01	
   4.6549900e+02	  -8.0901699e-01	
   4.6600000e+02	  -8.4432793e-01	
   4.6649900e+02	  -8.4432793e-01	
   4.6700000e+02	  -8.7630668e-01	
   4.6749900e+02	  -8.7630668e-01	
   4.6800000e+02	  -9.0482705e-01	
   4.6849900e+02	  -9.0482705e-01	
   4.6900000e+02	  -9.2977649e-01	
   4.6949900e+02	  -9.2977649e-01	
   4.7000000e+02	  -9.5105652e-01	
   4.7049900e+02	  -9.5105652e-01	
   4.7100000e+02	  -9.6858316e-01	
   4.7149900e+02	  -9.6858316e-01	
   4.7200000e+02	  -9.8228725e-01	
   4.7249900e+02	  -9.8228725e-01	
   4.7300000e+02	  -9.9211470e-01	
   4.7349900e+02	  -9.9211470e-01	
   4.7400000e+02	  -9.9802673e-01	
   4.7449900e+02	  -9.9802673e-01	
   4.7500000e+02	  -1.0000000e+00	
   4.7549900e+02	  -1.0000000e+00	
   4.7600000e+02	  -9.9802673e-01	
   4.7649900e+02	  -9.9802673e-01	
   4.7700000e+02	  -9.9211470e-01	
   4.7749900e+02	  -9.9211470e-01	
   4.7800000e+02	  -9.8228725e-01	
   4.7849900e+02	  -9.8228725e-01	
   4.7900000e+02	  -9.6858316e-01	
   4.7949900e+02	  -9.6858316e-01	
   4.8000000e+02	  -9.5105652e-01	
   4.8049900e+02	  -9.5105652e-01	
   4.8100000e+02	  -9.2977649e-01	
   4.8149900e+02	  -9.2977649e-01	
   4.8200000e+02	  -9.0482705e-01	
   4.8249900e+02	  -9.0482705e-01	
   4.8300000e+02	  -8.7630668e-01	
   4.8349900e+02	  -8.7630668e-01	
   4.8400000e+02	  -8.4432793e-01	
   4.8449900e+02	  -8.4432793e-01	
   4.8500000e+02	  -8.0901699e-01	
   4.8549900e+02	  -8.0901699e-01	
   4.8600000e+02	  -7.7051324e-01	
   4.8649900e+02	  -7.7051324e-01	
   4.8700000e+02	  -7.2896863e-01	
   4.8749900e+02	  -7.2896863e-01	
   4.8800000e+02	  -6.8454711e-01	
   4.8849900e+02	  -6.8454711e-01	
   4.8900000e+02	  -6.3742399e-01	
   4.8949900e+02	  -6.3742399e-01	
   4.9000000e+02	  -5.8778525e-01	
   4.9049900e+02	  -5.8778525e-01	
   4.9100000e+02	  -5.3582679e-01	
   4.9149900e+02	  -5.3582679e-01	
   4.9200000e+02	  -4.8175367e-01	
   4.9249900e+02	  -4.8175367e-01	
   4.9300000e+02	  -4.2577929e-01	
   4.9349900e+02	  -4.2577929e-01	
   4.9400000e+02	  -3.6812455e-01	
   4.9449900e+02	  -3.6812455e-01	
   4.9500000e+02	  -3.0901699e-01	
   4.9549900e+02	  -3.0901699e-01	
   4.9600000e+02	  -2.4868989e-01	
   4.9649900e+02	  -2.4868989e-01	
   4.9700000e+02	  -1.8738131e-01	
   4.9749900e+02	  -1.8738131e-01	
   4.9800000e+02	  -1.2533323e-01	
   4.9849900e+02	  -1.2533323e-01	
   4.9900000e+02	  -6.2790520e-02	
   4.9949900e+02	  -6.2790520e-02	
   5.0000000e+02	  -1.2246468e-15	
   5.0049900e+02	  -1.2246468e-15	
   5.0100000e+02	   6.2790520e-02	
   5.0149900e+02	   6.2790520e-02	
   5.0200000e+02	   1.2533323e-01	
   5.0249900e+02	   1.2533323e-01	
   5.0300000e+02	   1.8738131e-01	
   5.0349900e+02	   1.8738131e-01	
   5.0400000e+02	   2.4868989e-01	
   5.0449900e+02	   2.4868989e-01	
   5.0500000e+02	   3.0901699e-01	
   5.0549900e+02	   3.0901699e-01	
   5.0600000e+02	   3.6812455e-01	
   5.0649900e+02	   3.6812455e-01	
   5.0700000e+02	   4.2577929e-01	
   5.0749900e+02	   4.2577929e-01	
   5.0800000e+02	   4.8175367e-01	
   5.0849900e+02	   4.8175367e-01	
   5.0900000e+02	   5.3582679e-01	
   5.0949900e+02	   5.3582679e-01	
   5.1000000e+02	   5.8778525e-01	
   5.1049900e+02	   5.8778525e-01	
   5.1100000e+02	   6.3742399e-01	
   5.1149900e+02	   6.3742399e-01	
   5.1200000e+02	   6.8454711e-01	
   5.1249900e+02	   6.8454711e-01	
   5.1300000e+02	   7.2896863e-01	
   5.1349900e+02	   7.2896863e-01	
   5.1400000e+02	   7.7051324e-01	
   5.1449900e+02	   7.7051324e-01	
   5.1500000e+02	   8.0901699e-01	
   5.1549900e+02	   8.0901699e-01	
   5.1600000e+02	   8.4432793e-01	
   5.1649900e+02	   8.4432793e-01	
   5.1700000e+02	   8.7630668e-01	
   5.1749900e+02	   8.7630668e-01	
   5.1800000e+02	   9.0482705e-01	
   5.1849900e+02	   9.0482705e-01	
   5.1900000e+02	   9.2977649e-01	
   5.1949900e+02	   9.2977649e-01	
   5.2000000e+02	   9.5105652e-01	
   5.2049900e+02	   9.5105652e-01	
   5.2100000e+02	   9.6858316e-01	
   5.2149900e+02	   9.6858316e-01	
   5.2200000e+02	   9.8228725e-01	
   5.2249900e+02	   9.8228725e-01	
   5.2300000e+02	   9.9211470e-01	
   5.2349900e+02	   9.9211470e-01	
   5.2400000e+02	   9.9802673e-01	
   5.2449900e+02	   9.9802673e-01	
   5.2500000e+02	   1.0000000e+00	
   5.2549900e+02	   1.0000000e+00	
   5.2600000e+02	   9.9802673e-01	
   5.2649900e+02	   9.9802673e-01	
   5.2700000e+02	   9.9211470e-01	
   5.2749900e+02	   9.9211470e-01	
   5.2800000e+02	   9.8228725e-01	
   5.2849900e+02	   9.8228725e-01	
   5.2900000e+02	   9.6858316e-01	
   5.2949900e+02	   9.6858316e-01	
   5.3000000e+02	   9.5105652e-01	
   5.3049900e+02	   9.5105652e-01	
   5.3100000e+02	   9.2977649e-01	
   5.3149900e+02	   9.2977649e-01	
   5.3200000e+02	   9.0482705e-01	
   5.3249900e+02	   9.0482705e-01	
   5.3300000e+02	   8.7630668e-01	
   5.3349900e+02	   8.7630668e-01	
   5.3400000e+02	   8.4432793e-01	
   5.3449900e+02	   8.4432793e-01	
   5.3500000e+02	   8.0901699e-01	
   5.3549900e+02	   8.0901699e-01	
   5.3600000e+02	   7.7051324e-01	
   5.3649900e+02	   7.7051324e-01	
   5.3700000e+02	   7.2896863e-01	
   5.3749900e+02	   7.2896863e-01	
   5.3800000e+02	   6.8454711e-01	
   5.3849900e+02	   6.8454711e-01	
   5.3900000e+02	   6.3742399e-01	
   5.3949900e+02	   6.3742399e-01	
   5.4000000e+02	   5.8778525e-01	
   5.4049900e+02	   5.8778525e-01	
   5.4100000e+02	   5.3582679e-01	
   5.4149900e+02	   5.3582679e-01	
   5.4200000e+02	   4.8175367e-01	
   5.4249900e+02	   4.8175367e-01	
   5.4300000e+02	   4.2577929e-01	
   5.4349900e+02	   4.2577929e-01	
   5.4400000e+02	   3.6812455e-01	
   5.4449900e+02	   3.6812455e-01	
   5.4500000e+02	   3.0901699e-01	
   5.4549900e+02	   3.0901699e-01	
   5.4600000e+02	   2.4868989e-01	
   5.4649900e+02	   2.4868989e-01	
   5.4700000e+02	   1.8738131e-01	
   5.4749900e+02	   1.8738131e-01	
   5.4800000e+02	   1.2533323e-01	
   5.4849900e+02	   1.2533323e-01	
   5.4900000e+02	   6.2790520e-02	
   5.4949900e+02	   6.2790520e-02	
   5.5000000e+02	   4.8998252e-15	
   5.5049900e+02	   4.8998252e-15	
   5.5100000e+02	  -6.2790520e-02	
   5.5149900e+02	  -6.2790520e-02	
   5.5200000e+02	  -1.2533323e-01	
   5.5249900e+02	  -1.2533323e-01	
   5.5300000e+02	  -1.8738131e-01	
   5.5349900e+02	  -1.8738131e-01	
   5.5400000e+02	  -2.4868989e-01	
   5.5449900e+02	  -2.4868989e-01	
   5.5500000e+02	  -3.0901699e-01	
   5.5549900e+02	  -3.0901699e-01	
   5.5600000e+02	  -3.6812455e-01	
   5.5649900e+02	  -3.6812455e-01	
   5.5700000e+02	  -4.2577929e-01	
   5.5749900e+02	  -4.2577929e-01	
   5.5800000e+02	  -4.8175367e-01	
   5.5849900e+02	  -4.8175367e-01	
   5.5900000e+02	  -5.3582679e-01	
   5.5949900e+02	  -5.3582679e-01	
   5.6000000e+02	  -5.8778525e-01	
   5.6049900e+02	  -5.8778525e-01	
   5.6100000e+02	  -6.3742399e-01	
   5.6149900e+02	  -6.3742399e-01	
   5.6200000e+02	  -6.8454711e-01	
   5.6249900e+02	  -6.8454711e-01	
   5.6300000e+02	  -7.2896863e-01	
   5.6349900e+02	  -7.2896863e-01	
   5.6400000e+02	  -7.7051324e-01	
   5.6449900e+02	  -7.7051324e-01	
   5.6500000e+02	  -8.0901699e-01	
   5.6549900e+02	  -8.0901699e-01	
   5.6600000e+02	  -8.4432793e-01	
   5.6649900e+02	  -8.4432793e-01	
   5.6700000e+02	  -8.7630668e-01	
   5.6749900e+02	  -8.7630668e-01	
   5.6800000e+02	  -9.0482705e-01	
   5.6849900e+02	  -9.0482705e-01	
   5.6900000e+02	  -9.2977649e-01	
   5.6949900e+02	  -9.2977649e-01	
   5.7000000e+02	  -9.5105652e-01	
   5.7049900e+02	  -9.5105652e-01	
   5.7100000e+02	  -9.6858316e-01	
   5.7149900e+02	  -9.6858316e-01	
   5.7200000e+02	  -9.8228725e-01	
   5.7249900e+02	  -9.8228725e-01	
   5.7300000e+02	  -9.9211470e-01	
   5.7349900e+02	  -9.9211470e-01	
   5.7400000e+02	  -9.9802673e-01	
   5.7449900e+02	  -9.9802673e-01	
   5.7500000e+02	  -1.0000000e+00	
   5.7549900e+02	  -1.0000000e+00	
   5.7600000e+02	  -9.9802673e-01	
   5.7649900e+02	  -9.9802673e-01	
   5.7700000e+02	  -9.9211470e-01	
   5.7749900e+02	  -9.9211470e-01	
   5.7800000e+02	  -9.8228725e-01	
   5.7849900e+02	  -9.8228725e-01	
   5.7900000e+02	  -9.6858316e-01	
   5.7949900e+02	  -9.6858316e-01	
   5.8000000e+02	  -9.5105652e-01	
   5.8049900e+02	  -9.5105652e-01	
   5.8100000e+02	  -9.2977649e-01	
   5.8149900e+02	  -9.2977649e-01	
   5.8200000e+02	  -9.0482705e-01	
   5.8249900e+02	  -9.0482705e-01	
   5.8300000e+02	  -8.7630668e-01	
   5.8349900e+02	  -8.7630668e-01	
   5.8400000e+02	  -8.4432793e-01	
   5.8449900e+02	  -8.4432793e-01	
   5.8500000e+02	  -8.0901699e-01	
   5.8549900e+02	  -8.0901699e-01	
   5.8600000e+02	  -7.7051324e-01	
   5.8649900e+02	  -7.7051324e-01	
   5.8700000e+02	  -7.2896863e-01	
   5.8749900e+02	  -7.2896863e-01	
   5.8800000e+02	  -6.8454711e-01	
   5.8849900e+02	  -6.8454711e-01	
   5.8900000e+02	  -6.3742399e-01	
   5.8949900e+02	  -6.3742399e-01	
   5.9000000e+02	  -5.8778525e-01	
   5.9049900e+02	  -5.8778525e-01	
   5.9100000e+02	  -5.3582679e-01	
   5.9149900e+02	  -5.3582679e-01	
   5.9200000e+02	  -4.8175367e-01	
   5.9249900e+02	  -4.8175367e-01	
   5.9300000e+02	  -4.2577929e-01	
   5.9349900e+02	  -4.2577929e-01	
   5.9400000e+02	  -3.6812455e-01	
   5.9449900e+02	  -3.6812455e-01	
   5.9500000e+02	  -3.0901699e-01	
   5.9549900e+02	  -3.0901699e-01	
   5.9600000e+02	  -2.4868989e-01	
   5.9649900e+02	  -2.4868989e-01	
   5.9700000e+02	  -1.8738131e-01	
   5.9749900e+02	  -1.8738131e-01	
   5.9800000e+02	  -1.2533323e-01	
   5.9849900e+02	  -1.2533323e-01	
   5.9900000e+02	  -6.2790520e-02	
   5.9949900e+02	  -6.2790520e-02	
   6.0000000e+02	  -1.4695762e-15	
   6.0049900e+02	  -1.4695762e-15	
   6.0100000e+02	   6.2790520e-02	
   6.0149900e+02	   6.2790520e-02	
   6.0200000e+02	   1.2533323e-01	
   6.0249900e+02	   1.2533323e-01	
   6.0300000e+02	   1.8738131e-01	
   6.0349900e+02	   1.8738131e-01	
   6.0400000e+02	   2.4868989e-01	
   6.0449900e+02	   2.4868989e-01	
   6.0500000e+02	   3.0901699e-01	
   6.0549900e+02	   3.0901699e-01	
   6.0600000e+02	   3.6812455e-01	
   6.0649900e+02	   3.6812455e-01	
   6.0700000e+02	   4.2577929e-01	
   6.0749900e+02	   4.2577929e-01	
   6.0800000e+02	   4.8175367e-01	
   6.0849900e+02	   4.8175367e-01	
   6.0900000e+02	   5.3582679e-01	
   6.0949900e+02	   5.3582679e-01	
   6.1000000e+02	   5.8778525e-01	
   6.1049900e+02	   5.8778525e-01	
   6.1100000e+02	   6.3742399e-01	
   6.1149900e+02	   6.3742399e-01	
   6.1200000e+02	   6.8454711e-01	
   6.1249900e+02	   6.8454711e-01	
   6.1300000e+02	   7.2896863e-01	
   6.1349900e+02	   7.2896863e-01	
   6.1400000e+02	   7.7051324e-01	
   6.1449900e+02	   7.7051324e-01	
   6.1500000e+02	   8.0901699e-01	
   6.1549900e+02	   8.0901699e-01	
   6.1600000e+02	   8.4432793e-01	
   6.1649900e+02	   8.4432793e-01	
   6.1700000e+02	   8.7630668e-01	
   6.1749900e+02	   8.7630668e-01	
   6.1800000e+02	   9.0482705e-01	
   6.1849900e+02	   9.0482705e-01	
   6.1900000e+02	   9.2977649e-01	
   6.1949900e+02	   9.2977649e-01	
   6.2000000e+02	   9.5105652e-01	
   6.2049900e+02	   9.5105652e-01	
   6.2100000e+02	   9.6858316e-01	
   6.2149900e+02	   9.6858316e-01	
   6.2200000e+02	   9.8228725e-01	
   6.2249900e+02	   9.8228725e-01	
   6.2300000e+02	   9.9211470e-01	
   6.2349900e+02	   9.9211470e-01	
   6.2400000e+02	   9.9802673e-01	
   6.2449900e+02	   9.9802673e-01	
   6.2500000e+02	   1.0000000e+00	
   6.2549900e+02	   1.0000000e+00	
   6.2600000e+02	   9.9802673e-01	
   6.2649900e+02	   9.9802673e-01	
   6.2700000e+02	   9.9211470e-01	
   6.2749900e+02	   9.9211470e-01	
   6.2800000e+02	   9.8228725e-01	
   6.2849900e+02	   9.8228725e-01	
   6.2900000e+02	   9.6858316e-01	
   6.2949900e+02	   9.6858316e-01	
   6.3000000e+02	   9.5105652e-01	
   6.3049900e+02	   9.5105652e-01	
   6.3100000e+02	   9.2977649e-01	
   6.3149900e+02	   9.2977649e-01	
   6.3200000e+02	   9.0482705e-01	
   6.3249900e+02	   9.0482705e-01	
   6.3300000e+02	   8.7630668e-01	
   6.3349900e+02	   8.7630668e-01	
   6.3400000e+02	   8.4432793e-01	
   6.3449900e+02	   8.4432793e-01	
   6.3500000e+02	   8.0901699e-01	
   6.3549900e+02	   8.0901699e-01	
   6.3600000e+02	   7.7051324e-01	
   6.3649900e+02	   7.7051324e-01	
   6.3700000e+02	   7.2896863e-01	
   6.3749900e+02	   7.2896863e-01	
   6.3800000e+02	   6.8454711e-01	
   6.3849900e+02	   6.8454711e-01	
   6.3900000e+02	   6.3742399e-01	
   6.3949900e+02	   6.3742399e-01	
   6.4000000e+02	   5.8778525e-01	
   6.4049900e+02	   5.8778525e-01	
   6.4100000e+02	   5.3582679e-01	
   6.4149900e+02	   5.3582679e-01	
   6.4200000e+02	   4.8175367e-01	
   6.4249900e+02	   4.8175367e-01	
   6.4300000e+02	   4.2577929e-01	
   6.4349900e+02	   4.2577929e-01	
   6.4400000e+02	   3.6812455e-01	
   6.4449900e+02	   3.6812455e-01	
   6.4500000e+02	   3.0901699e-01	
   6.4549900e+02	   3.0901699e-01	
   6.4600000e+02	   2.4868989e-01	
   6.4649900e+02	   2.4868989e-01	
   6.4700000e+02	   1.8738131e-01	
   6.4749900e+02	   1.8738131e-01	
   6.4800000e+02	   1.2533323e-01	
   6.4849900e+02	   1.2533323e-01	
   6.4900000e+02	   6.2790520e-02	
   6.4949900e+02	   6.2790520e-02	
   6.5000000e+02	  -1.9606728e-15	
   6.5049900e+02	  -1.9606728e-15	
   6.5100000e+02	  -6.2790520e-02	
   6.5149900e+02	  -6.2790520e-02	
   6.5200000e+02	  -1.2533323e-01	
   6.5249900e+02	  -1.2533323e-01	
   6.5300000e+02	  -1.8738131e-01	
   6.5349900e+02	  -1.8738131e-01	
   6.5400000e+02	  -2.4868989e-01	
   6.5449900e+02	  -2.4868989e-01	
   6.5500000e+02	  -3.0901699e-01	
   6.5549900e+02	  -3.0901699e-01	
   6.5600000e+02	  -3.6812455e-01	
   6.5649900e+02	  -3.6812455e-01	
   6.5700000e+02	  -4.2577929e-01	
   6.5749900e+02	  -4.2577929e-01	
   6.5800000e+02	  -4.8175367e-01	
   6.5849900e+02	  -4.8175367e-01	
   6.5900000e+02	  -5.3582679e-01	
   6.5949900e+02	  -5.3582679e-01	
   6.6000000e+02	  -5.8778525e-01	
   6.6049900e+02	  -5.8778525e-01	
   6.6100000e+02	  -6.3742399e-01	
   6.6149900e+02	  -6.3742399e-01	
   6.6200000e+02	  -6.8454711e-01	
   6.6249900e+02	  -6.8454711e-01	
   6.6300000e+02	  -7.2896863e-01	
   6.6349900e+02	  -7.2896863e-01	
   6.6400000e+02	  -7.7051324e-01	
   6.6449900e+02	  -7.7051324e-01	
   6.6500000e+02	  -8.0901699e-01	
   6.6549900e+02	  -8.0901699e-01	
   6.6600000e+02	  -8.4432793e-01	
   6.6649900e+02	  -8.4432793e-01	
   6.6700000e+02	  -8.7630668e-01	
   6.6749900e+02	  -8.7630668e-01	
   6.6800000e+02	  -9.0482705e-01	
   6.6849900e+02	  -9.0482705e-01	
   6.6900000e+02	  -9.2977649e-01	
   6.6949900e+02	  -9.2977649e-01	
   6.7000000e+02	  -9.5105652e-01	
   6.7049900e+02	  -9.5105652e-01	
   6.7100000e+02	  -9.6858316e-01	
   6.7149900e+02	  -9.6858316e-01	
   6.7200000e+02	  -9.8228725e-01	
   6.7249900e+02	  -9.8228725e-01	
   6.7300000e+02	  -9.9211470e-01	
   6.7349900e+02	  -9.9211470e-01	
   6.7400000e+02	  -9.9802673e-01	
   6.7449900e+02	  -9.9802673e-01	
   6.7500000e+02	  -1.0000000e+00	
   6.7549900e+02	  -1.0000000e+00	
   6.7600000e+02	  -9.9802673e-01	
   6.7649900e+02	  -9.9802673e-01	
   6.7700000e+02	  -9.9211470e-01	
   6.7749900e+02	  -9.9211470e-01	
   6.7800000e+02	  -9.8228725e-01	
   6.7849900e+02	  -9.8228725e-01	
   6.7900000e+02	  -9.6858316e-01	
   6.7949900e+02	  -9.6858316e-01	
   6.8000000e+02	  -9.5105652e-01	
   6.8049900e+02	  -9.5105652e-01	
   6.8100000e+02	  -9.2977649e-01	
   6.8149900e+02	  -9.2977649e-01	
   6.8200000e+02	  -9.0482705e-01	
   6.8249900e+02	  -9.0482705e-01	
   6.8300000e+02	  -8.7630668e-01	
   6.8349900e+02	  -8.7630668e-01	
   6.8400000e+02	  -8.4432793e-01	
   6.8449900e+02	  -8.4432793e-01	
   6.8500000e+02	  -8.0901699e-01	
   6.8549900e+02	  -8.0901699e-01	
   6.8600000e+02	  -7.7051324e-01	
   6.8649900e+02	  -7.7051324e-01	
   6.8700000e+02	  -7.2896863e-01	
   6.8749900e+02	  -7.2896863e-01	
   6.8800000e+02	  -6.8454711e-01	
   6.8849900e+02	  -6.8454711e-01	
   6.8900000e+02	  -6.3742399e-01	
   6.8949900e+02	  -6.3742399e-01	
   6.9000000e+02	  -5.8778525e-01	
   6.9049900e+02	  -5.8778525e-01	
   6.9100000e+02	  -5.3582679e-01	
   6.9149900e+02	  -5.3582679e-01	
   6.9200000e+02	  -4.8175367e-01	
   6.9249900e+02	  -4.8175367e-01	
   6.9300000e+02	  -4.2577929e-01	
   6.9349900e+02	  -4.2577929e-01	
   6.9400000e+02	  -3.6812455e-01	
   6.9449900e+02	  -3.6812455e-01	
   6.9500000e+02	  -3.0901699e-01	
   6.9549900e+02	  -3.0901699e-01	
   6.9600000e+02	  -2.4868989e-01	
   6.9649900e+02	  -2.4868989e-01	
   6.9700000e+02	  -1.8738131e-01	
   6.9749900e+02	  -1.8738131e-01	
   6.9800000e+02	  -1.2533323e-01	
   6.9849900e+02	  -1.2533323e-01	
   6.9900000e+02	  -6.2790520e-02	
   6.9949900e+02	  -6.2790520e-02	
   7.0000000e+02	  -1.7145055e-15	
   7.0049900e+02	  -1.7145055e-15	
   7.0100000e+02	   6.2790520e-02	
   7.0149900e+02	   6.2790520e-02	
   7.0200000e+02	   1.2533323e-01	
   7.0249900e+02	   1.2533323e-01	
   7.0300000e+02	   1.8738131e-01	
   7.0349900e+02	   1.8738131e-01	
   7.0400000e+02	   2.4868989e-01	
   7.0449900e+02	   2.4868989e-01	
   7.0500000e+02	   3.0901699e-01	
   7.0549900e+02	   3.0901699e-01	
   7.0600000e+02	   3.6812455e-01	
   7.0649900e+02	   3.6812455e-01	
   7.0700000e+02	   4.2577929e-01	
   7.0749900e+02	   4.2577929e-01	
   7.0800000e+02	   4.8175367e-01	
   7.0849900e+02	   4.8175367e-01	
   7.0900000e+02	   5.3582679e-01	
   7.0949900e+02	   5.3582679e-01	
   7.1000000e+02	   5.8778525e-01	
   7.1049900e+02	   5.8778525e-01	
   7.1100000e+02	   6.3742399e-01	
   7.1149900e+02	   6.3742399e-01	
   7.1200000e+02	   6.8454711e-01	
   7.1249900e+02	   6.8454711e-01	
   7.1300000e+02	   7.2896863e-01	
   7.1349900e+02	   7.2896863e-01	
   7.1400000e+02	   7.7051324e-01	
   7.1449900e+02	   7.7051324e-01	
   7.1500000e+02	   8.0901699e-01	
   7.1549900e+02	   8.0901699e-01	
   7.1600000e+02	   8.4432793e-01	
   7.1649900e+02	   8.4432793e-01	
   7.1700000e+02	   8.7630668e-01	
   7.1749900e+02	   8.7630668e-01	
   7.1800000e+02	   9.0482705e-01	
   7.1849900e+02	   9.0482705e-01	
   7.1900000e+02	   9.2977649e-01	
   7.1949900e+02	   9.2977649e-01	
   7.2000000e+02	   9.5105652e-01	
   7.2049900e+02	   9.5105652e-01	
   7.2100000e+02	   9.6858316e-01	
   7.2149900e+02	   9.6858316e-01	
   7.2200000e+02	   9.8228725e-01	
   7.2249900e+02	   9.8228725e-01	
   7.2300000e+02	   9.9211470e-01	
   7.2349900e+02	   9.9211470e-01	
   7.2400000e+02	   9.9802673e-01	
   7.2449900e+02	   9.9802673e-01	
   7.2500000e+02	   1.0000000e+00	
   7.2549900e+02	   1.0000000e+00	
   7.2600000e+02	   9.9802673e-01	
   7.2649900e+02	   9.9802673e-01	
   7.2700000e+02	   9.9211470e-01	
   7.2749900e+02	   9.9211470e-01	
   7.2800000e+02	   9.8228725e-01	
   7.2849900e+02	   9.8228725e-01	
   7.2900000e+02	   9.6858316e-01	
   7.2949900e+02	   9.6858316e-01	
   7.3000000e+02	   9.5105652e-01	
   7.3049900e+02	   9.5105652e-01	
   7.3100000e+02	   9.2977649e-01	
   7.3149900e+02	   9.2977649e-01	
   7.3200000e+02	   9.0482705e-01	
   7.3249900e+02	   9.0482705e-01	
   7.3300000e+02	   8.7630668e-01	
   7.3349900e+02	   8.7630668e-01	
   7.3400000e+02	   8.4432793e-01	
   7.3449900e+02	   8.4432793e-01	
   7.3500000e+02	   8.0901699e-01	
   7.3549900e+02	   8.0901699e-01	
   7.3600000e+02	   7.7051324e-01	
   7.3649900e+02	   7.7051324e-01	
   7.3700000e+02	   7.2896863e-01	
   7.3749900e+02	   7.2896863e-01	
   7.3800000e+02	   6.8454711e-01	
   7.3849900e+02	   6.8454711e-01	
   7.3900000e+02	   6.3742399e-01	
   7.3949900e+02	   6.3742399e-01	
   7.4000000e+02	   5.8778525e-01	
   7.4049900e+02	   5.8778525e-01	
   7.4100000e+02	   5.3582679e-01	
   7.4149900e+02	   5.3582679e-01	
   7.4200000e+02	   4.8175367e-01	
   7.4249900e+02	   4.8175367e-01	
   7.4300000e+02	   4.2577929e-01	
   7.4349900e+02	   4.2577929e-01	
   7.4400000e+02	   3.6812455e-01	
   7.4449900e+02	   3.6812455e-01	
   7.4500000e+02	   3.0901699e-01	
   7.4549900e+02	   3.0901699e-01	
   7.4600000e+02	   2.4868989e-01	
   7.4649900e+02	   2.4868989e-01	
   7.4700000e+02	   1.8738131e-01	
   7.4749900e+02	   1.8738131e-01	
   7.4800000e+02	   1.2533323e-01	
   7.4849900e+02	   1.2533323e-01	
   7.4900000e+02	   6.2790520e-02	
   7.4949900e+02	   6.2790520e-02	
   7.5000000e+02	  -1.7157435e-15	
   7.5049900e+02	  -1.7157435e-15	
   7.5100000e+02	  -6.2790520e-02	
   7.5149900e+02	  -6.2790520e-02	
   7.5200000e+02	  -1.2533323e-01	
   7.5249900e+02	  -1.2533323e-01	
   7.5300000e+02	  -1.8738131e-01	
   7.5349900e+02	  -1.8738131e-01	
   7.5400000e+02	  -2.4868989e-01	
   7.5449900e+02	  -2.4868989e-01	
   7.5500000e+02	  -3.0901699e-01	
   7.5549900e+02	  -3.0901699e-01	
   7.5600000e+02	  -3.6812455e-01	
   7.5649900e+02	  -3.6812455e-01	
   7.5700000e+02	  -4.2577929e-01	
   7.5749900e+02	  -4.2577929e-01	
   7.5800000e+02	  -4.8175367e-01	
   7.5849900e+02	  -4.8175367e-01	
   7.5900000e+02	  -5.3582679e-01	
   7.5949900e+02	  -5.3582679e-01	
   7.6000000e+02	  -5.8778525e-01	
   7.6049900e+02	  -5.8778525e-01	
   7.6100000e+02	  -6.3742399e-01	
   7.6149900e+02	  -6.3742399e-01	
   7.6200000e+02	  -6.8454711e-01	
   7.6249900e+02	  -6.8454711e-01	
   7.6300000e+02	  -7.2896863e-01	
   7.6349900e+02	  -7.2896863e-01	
   7.6400000e+02	  -7.7051324e-01	
   7.6449900e+02	  -7.7051324e-01	
   7.6500000e+02	  -8.0901699e-01	
   7.6549900e+02	  -8.0901699e-01	
   7.6600000e+02	  -8.4432793e-01	
   7.6649900e+02	  -8.4432793e-01	
   7.6700000e+02	  -8.7630668e-01	
   7.6749900e+02	  -8.7630668e-01	
   7.6800000e+02	  -9.0482705e-01	
   7.6849900e+02	  -9.0482705e-01	
   7.6900000e+02	  -9.2977649e-01	
   7.6949900e+02	  -9.2977649e-01	
   7.7000000e+02	  -9.5105652e-01	
   7.7049900e+02	  -9.5105652e-01	
   7.7100000e+02	  -9.6858316e-01	
   7.7149900e+02	  -9.6858316e-01	
   7.7200000e+02	  -9.8228725e-01	
   7.7249900e+02	  -9.8228725e-01	
   7.7300000e+02	  -9.9211470e-01	
   7.7349900e+02	  -9.9211470e-01	
   7.7400000e+02	  -9.9802673e-01	
   7.7449900e+02	  -9.9802673e-01	
   7.7500000e+02	  -1.0000000e+00	
   7.7549900e+02	  -1.0000000e+00	
   7.7600000e+02	  -9.9802673e-01	
   7.7649900e+02	  -9.9802673e-01	
   7.7700000e+02	  -9.9211470e-01	
   7.7749900e+02	  -9.9211470e-01	
   7.7800000e+02	  -9.8228725e-01	
   7.7849900e+02	  -9.8228725e-01	
   7.7900000e+02	  -9.6858316e-01	
   7.7949900e+02	  -9.6858316e-01	
   7.8000000e+02	  -9.5105652e-01	
   7.8049900e+02	  -9.5105652e-01	
   7.8100000e+02	  -9.2977649e-01	
   7.8149900e+02	  -9.2977649e-01	
   7.8200000e+02	  -9.0482705e-01	
   7.8249900e+02	  -9.0482705e-01	
   7.8300000e+02	  -8.7630668e-01	
   7.8349900e+02	  -8.7630668e-01	
   7.8400000e+02	  -8.4432793e-01	
   7.8449900e+02	  -8.4432793e-01	
   7.8500000e+02	  -8.0901699e-01	
   7.8549900e+02	  -8.0901699e-01	
   7.8600000e+02	  -7.7051324e-01	
   7.8649900e+02	  -7.7051324e-01	
   7.8700000e+02	  -7.2896863e-01	
   7.8749900e+02	  -7.2896863e-01	
   7.8800000e+02	  -6.8454711e-01	
   7.8849900e+02	  -6.8454711e-01	
   7.8900000e+02	  -6.3742399e-01	
   7.8949900e+02	  -6.3742399e-01	
   7.9000000e+02	  -5.8778525e-01	
   7.9049900e+02	  -5.8778525e-01	
   7.9100000e+02	  -5.3582679e-01	
   7.9149900e+02	  -5.3582679e-01	
   7.9200000e+02	  -4.8175367e-01	
   7.9249900e+02	  -4.8175367e-01	
   7.9300000e+02	  -4.2577929e-01	
   7.9349900e+02	  -4.2577929e-01	
   7.9400000e+02	  -3.6812455e-01	
   7.9449900e+02	  -3.6812455e-01	
   7.9500000e+02	  -3.0901699e-01	
   7.9549900e+02	  -3.0901699e-01	
   7.9600000e+02	  -2.4868989e-01	
   7.9649900e+02	  -2.4868989e-01	
   7.9700000e+02	  -1.8738131e-01	
   7.9749900e+02	  -1.8738131e-01	
   7.9800000e+02	  -1.2533323e-01	
   7.9849900e+02	  -1.2533323e-01	
   7.9900000e+02	  -6.2790520e-02	
   7.9949900e+02	  -6.2790520e-02	
   8.0000000e+02	  -1.9594349e-15	
   8.0049900e+02	  -1.9594349e-15	
   8.0100000e+02	   6.2790520e-02	
   8.0149900e+02	   6.2790520e-02	
   8.0200000e+02	   1.2533323e-01	
   8.0249900e+02	   1.2533323e-01	
   8.0300000e+02	   1.8738131e-01	
   8.0349900e+02	   1.8738131e-01	
   8.0400000e+02	   2.4868989e-01	
   8.0449900e+02	   2.4868989e-01	
   8.0500000e+02	   3.0901699e-01	
   8.0549900e+02	   3.0901699e-01	
   8.0600000e+02	   3.6812455e-01	
   8.0649900e+02	   3.6812455e-01	
   8.0700000e+02	   4.2577929e-01	
   8.0749900e+02	   4.2577929e-01	
   8.0800000e+02	   4.8175367e-01	
   8.0849900e+02	   4.8175367e-01	
   8.0900000e+02	   5.3582679e-01	
   8.0949900e+02	   5.3582679e-01	
   8.1000000e+02	   5.8778525e-01	
   8.1049900e+02	   5.8778525e-01	
   8.1100000e+02	   6.3742399e-01	
   8.1149900e+02	   6.3742399e-01	
   8.1200000e+02	   6.8454711e-01	
   8.1249900e+02	   6.8454711e-01	
   8.1300000e+02	   7.2896863e-01	
   8.1349900e+02	   7.2896863e-01	
   8.1400000e+02	   7.7051324e-01	
   8.1449900e+02	   7.7051324e-01	
   8.1500000e+02	   8.0901699e-01	
   8.1549900e+02	   8.0901699e-01	
   8.1600000e+02	   8.4432793e-01	
   8.1649900e+02	   8.4432793e-01	
   8.1700000e+02	   8.7630668e-01	
   8.1749900e+02	   8.7630668e-01	
   8.1800000e+02	   9.0482705e-01	
   8.1849900e+02	   9.0482705e-01	
   8.1900000e+02	   9.2977649e-01	
   8.1949900e+02	   9.2977649e-01	
   8.2000000e+02	   9.5105652e-01	
   8.2049900e+02	   9.5105652e-01	
   8.2100000e+02	   9.6858316e-01	
   8.2149900e+02	   9.6858316e-01	
   8.2200000e+02	   9.8228725e-01	
   8.2249900e+02	   9.8228725e-01	
   8.2300000e+02	   9.9211470e-01	
   8.2349900e+02	   9.9211470e-01	
   8.2400000e+02	   9.9802673e-01	
   8.2449900e+02	   9.9802673e-01	
   8.2500000e+02	   1.0000000e+00	
   8.2549900e+02	   1.0000000e+00	
   8.2600000e+02	   9.9802673e-01	
   8.2649900e+02	   9.9802673e-01	
   8.2700000e+02	   9.9211470e-01	
   8.2749900e+02	   9.9211470e-01	
   8.2800000e+02	   9.8228725e-01	
   8.2849900e+02	   9.8228725e-01	
   8.2900000e+02	   9.6858316e-01	
   8.2949900e+02	   9.6858316e-01	
   8.3000000e+02	   9.5105652e-01	
   8.3049900e+02	   9.5105652e-01	
   8.3100000e+02	   9.2977649e-01	
   8.3149900e+02	   9.2977649e-01	
   8.3200000e+02	   9.0482705e-01	
   8.3249900e+02	   9.0482705e-01	
   8.3300000e+02	   8.7630668e-01	
   8.3349900e+02	   8.7630668e-01	
   8.3400000e+02	   8.4432793e-01	
   8.3449900e+02	   8.4432793e-01	
   8.3500000e+02	   8.0901699e-01	
   8.3549900e+02	   8.0901699e-01	
   8.3600000e+02	   7.7051324e-01	
   8.3649900e+02	   7.7051324e-01	
   8.3700000e+02	   7.2896863e-01	
   8.3749900e+02	   7.2896863e-01	
   8.3800000e+02	   6.8454711e-01	
   8.3849900e+02	   6.8454711e-01	
   8.3900000e+02	   6.3742399e-01	
   8.3949900e+02	   6.3742399e-01	
   8.4000000e+02	   5.8778525e-01	
   8.4049900e+02	   5.8778525e-01	
   8.4100000e+02	   5.3582679e-01	
   8.4149900e+02	   5.3582679e-01	
   8.4200000e+02	   4.8175367e-01	
   8.4249900e+02	   4.8175367e-01	
   8.4300000e+02	   4.2577929e-01	
   8.4349900e+02	   4.2577929e-01	
   8.4400000e+02	   3.6812455e-01	
   8.4449900e+02	   3.6812455e-01	
   8.4500000e+02	   3.0901699e-01	
   8.4549900e+02	   3.0901699e-01	
   8.4600000e+02	   2.4868989e-01	
   8.4649900e+02	   2.4868989e-01	
   8.4700000e+02	   1.8738131e-01	
   8.4749900e+02	   1.8738131e-01	
   8.4800000e+02	   1.2533323e-01	
   8.4849900e+02	   1.2533323e-01	
   8.4900000e+02	   6.2790520e-02	
   8.4949900e+02	   6.2790520e-02	
   8.5000000e+02	   5.6346132e-15	
   8.5049900e+02	   5.6346132e-15	
   8.5100000e+02	  -6.2790520e-02	
   8.5149900e+02	  -6.2790520e-02	
   8.5200000e+02	  -1.2533323e-01	
   8.5249900e+02	  -1.2533323e-01	
   8.5300000e+02	  -1.8738131e-01	
   8.5349900e+02	  -1.8738131e-01	
   8.5400000e+02	  -2.4868989e-01	
   8.5449900e+02	  -2.4868989e-01	
   8.5500000e+02	  -3.0901699e-01	
   8.5549900e+02	  -3.0901699e-01	
   8.5600000e+02	  -3.6812455e-01	
   8.5649900e+02	  -3.6812455e-01	
   8.5700000e+02	  -4.2577929e-01	
   8.5749900e+02	  -4.2577929e-01	
   8.5800000e+02	  -4.8175367e-01	
   8.5849900e+02	  -4.8175367e-01	
   8.5900000e+02	  -5.3582679e-01	
   8.5949900e+02	  -5.3582679e-01	
   8.6000000e+02	  -5.8778525e-01	
   8.6049900e+02	  -5.8778525e-01	
   8.6100000e+02	  -6.3742399e-01	
   8.6149900e+02	  -6.3742399e-01	
   8.6200000e+02	  -6.8454711e-01	
   8.6249900e+02	  -6.8454711e-01	
   8.6300000e+02	  -7.2896863e-01	
   8.6349900e+02	  -7.2896863e-01	
   8.6400000e+02	  -7.7051324e-01	
   8.6449900e+02	  -7.7051324e-01	
   8.6500000e+02	  -8.0901699e-01	
   8.6549900e+02	  -8.0901699e-01	
   8.6600000e+02	  -8.4432793e-01	
   8.6649900e+02	  -8.4432793e-01	
   8.6700000e+02	  -8.7630668e-01	
   8.6749900e+02	  -8.7630668e-01	
   8.6800000e+02	  -9.0482705e-01	
   8.6849900e+02	  -9.0482705e-01	
   8.6900000e+02	  -9.2977649e-01	
   8.6949900e+02	  -9.2977649e-01	
   8.7000000e+02	  -9.5105652e-01	
   8.7049900e+02	  -9.5105652e-01	
   8.7100000e+02	  -9.6858316e-01	
   8.7149900e+02	  -9.6858316e-01	
   8.7200000e+02	  -9.8228725e-01	
   8.7249900e+02	  -9.8228725e-01	
   8.7300000e+02	  -9.9211470e-01	
   8.7349900e+02	  -9.9211470e-01	
   8.7400000e+02	  -9.9802673e-01	
   8.7449900e+02	  -9.9802673e-01	
   8.7500000e+02	  -1.0000000e+00	
   8.7549900e+02	  -1.0000000e+00	
   8.7600000e+02	  -9.9802673e-01	
   8.7649900e+02	  -9.9802673e-01	
   8.7700000e+02	  -9.9211470e-01	
   8.7749900e+02	  -9.9211470e-01	
   8.7800000e+02	  -9.8228725e-01	
   8.7849900e+02	  -9.8228725e-01	
   8.7900000e+02	  -9.6858316e-01	
   8.7949900e+02	  -9.6858316e-01	
   8.8000000e+02	  -9.5105652e-01	
   8.8049900e+02	  -9.5105652e-01	
   8.8100000e+02	  -9.2977649e-01	
   8.8149900e+02	  -9.2977649e-01	
   8.8200000e+02	  -9.0482705e-01	
   8.8249900e+02	  -9.0482705e-01	
   8.8300000e+02	  -8.7630668e-01	
   8.8349900e+02	  -8.7630668e-01	
   8.8400000e+02	  -8.4432793e-01	
   8.8449900e+02	  -8.4432793e-01	
   8.8500000e+02	  -8.0901699e-01	
   8.8549900e+02	  -8.0901699e-01	
   8.8600000e+02	  -7.7051324e-01	
   8.8649900e+02	  -7.7051324e-01	
   8.8700000e+02	  -7.2896863e-01	
   8.8749900e+02	  -7.2896863e-01	
   8.8800000e+02	  -6.8454711e-01	
   8.8849900e+02	  -6.8454711e-01	
   8.8900000e+02	  -6.3742399e-01	
   8.8949900e+02	  -6.3742399e-01	
   8.9000000e+02	  -5.8778525e-01	
   8.9049900e+02	  -5.8778525e-01	
   8.9100000e+02	  -5.3582679e-01	
   8.9149900e+02	  -5.3582679e-01	
   8.9200000e+02	  -4.8175367e-01	
   8.9249900e+02	  -4.8175367e-01	
   8.9300000e+02	  -4.2577929e-01	
   8.9349900e+02	  -4.2577929e-01	
   8.9400000e+02	  -3.6812455e-01	
   8.9449900e+02	  -3.6812455e-01	
   8.9500000e+02	  -3.0901699e-01	
   8.9549900e+02	  -3.0901699e-01	
   8.9600000e+02	  -2.4868989e-01	
   8.9649900e+02	  -2.4868989e-01	
   8.9700000e+02	  -1.8738131e-01	
   8.9749900e+02	  -1.8738131e-01	
   8.9800000e+02	  -1.2533323e-01	
   8.9849900e+02	  -1.2533323e-01	
   8.9900000e+02	  -6.2790520e-02	
   8.9949900e+02	  -6.2790520e-02	
   9.0000000e+02	  -2.2043642e-15	
   9.0049900e+02	  -2.2043642e-15	
   9.0100000e+02	   6.2790520e-02	
   9.0149900e+02	   6.2790520e-02	
   9.0200000e+02	   1.2533323e-01	
   9.0249900e+02	   1.2533323e-01	
   9.0300000e+02	   1.8738131e-01	
   9.0349900e+02	   1.8738131e-01	
   9.0400000e+02	   2.4868989e-01	
   9.0449900e+02	   2.4868989e-01	
   9.0500000e+02	   3.0901699e-01	
   9.0549900e+02	   3.0901699e-01	
   9.0600000e+02	   3.6812455e-01	
   9.0649900e+02	   3.6812455e-01	
   9.0700000e+02	   4.2577929e-01	
   9.0749900e+02	   4.2577929e-01	
   9.0800000e+02	   4.8175367e-01	
   9.0849900e+02	   4.8175367e-01	
   9.0900000e+02	   5.3582679e-01	
   9.0949900e+02	   5.3582679e-01	
   9.1000000e+02	   5.8778525e-01	
   9.1049900e+02	   5.8778525e-01	
   9.1100000e+02	   6.3742399e-01	
   9.1149900e+02	   6.3742399e-01	
   9.1200000e+02	   6.8454711e-01	
   9.1249900e+02	   6.8454711e-01	
   9.1300000e+02	   7.2896863e-01	
   9.1349900e+02	   7.2896863e-01	
   9.1400000e+02	   7.7051324e-01	
   9.1449900e+02	   7.7051324e-01	
   9.1500000e+02	   8.0901699e-01	
   9.1549900e+02	   8.0901699e-01	
   9.1600000e+02	   8.4432793e-01	
   9.1649900e+02	   8.4432793e-01	
   9.1700000e+02	   8.7630668e-01	
   9.1749900e+02	   8.7630668e-01	
   9.1800000e+02	   9.0482705e-01	
   9.1849900e+02	   9.0482705e-01	
   9.1900000e+02	   9.2977649e-01	
   9.1949900e+02	   9.2977649e-01	
   9.2000000e+02	   9.5105652e-01	
   9.2049900e+02	   9.5105652e-01	
   9.2100000e+02	   9.6858316e-01	
   9.2149900e+02	   9.6858316e-01	
   9.2200000e+02	   9.8228725e-01	
   9.2249900e+02	   9.8228725e-01	
   9.2300000e+02	   9.9211470e-01	
   9.2349900e+02	   9.9211470e-01	
   9.2400000e+02	   9.9802673e-01	
   9.2449900e+02	   9.9802673e-01	
   9.2500000e+02	   1.0000000e+00	
   9.2549900e+02	   1.0000000e+00	
   9.2600000e+02	   9.9802673e-01	
   9.2649900e+02	   9.9802673e-01	
   9.2700000e+02	   9.9211470e-01	
   9.2749900e+02	   9.9211470e-01	
   9.2800000e+02	   9.8228725e-01	
   9.2849900e+02	   9.8228725e-01	
   9.2900000e+02	   9.6858316e-01	
   9.2949900e+02	   9.6858316e-01	
   9.3000000e+02	   9.5105652e-01	
   9.3049900e+02	   9.5105652e-01	
   9.3100000e+02	   9.2977649e-01	
   9.3149900e+02	   9.2977649e-01	
   9.3200000e+02	   9.0482705e-01	
   9.3249900e+02	   9.0482705e-01	
   9.3300000e+02	   8.7630668e-01	
   9.3349900e+02	   8.7630668e-01	
   9.3400000e+02	   8.4432793e-01	
   9.3449900e+02	   8.4432793e-01	
   9.3500000e+02	   8.0901699e-01	
   9.3549900e+02	   8.0901699e-01	
   9.3600000e+02	   7.7051324e-01	
   9.3649900e+02	   7.7051324e-01	
   9.3700000e+02	   7.2896863e-01	
   9.3749900e+02	   7.2896863e-01	
   9.3800000e+02	   6.8454711e-01	
   9.3849900e+02	   6.8454711e-01	
   9.3900000e+02	   6.3742399e-01	
   9.3949900e+02	   6.3742399e-01	
   9.4000000e+02	   5.8778525e-01	
   9.4049900e+02	   5.8778525e-01	
   9.4100000e+02	   5.3582679e-01	
   9.4149900e+02	   5.3582679e-01	
   9.4200000e+02	   4.8175367e-01	
   9.4249900e+02	   4.8175367e-01	
   9.4300000e+02	   4.2577929e-01	
   9.4349900e+02	   4.2577929e-01	
   9.4400000e+02	   3.6812455e-01	
   9.4449900e+02	   3.6812455e-01	
   9.4500000e+02	   3.0901699e-01	
   9.4549900e+02	   3.0901699e-01	
   9.4600000e+02	   2.4868989e-01	
   9.4649900e+02	   2.4868989e-01	
   9.4700000e+02	   1.8738131e-01	
   9.4749900e+02	   1.8738131e-01	
   9.4800000e+02	   1.2533323e-01	
   9.4849900e+02	   1.2533323e-01	
   9.4900000e+02	   6.2790520e-02	
   9.4949900e+02	   6.2790520e-02	
   9.5000000e+02	   5.8795426e-15	
   9.5049900e+02	   5.8795426e-15	
   9.5100000e+02	  -6.2790520e-02	
   9.5149900e+02	  -6.2790520e-02	
   9.5200000e+02	  -1.2533323e-01	
   9.5249900e+02	  -1.2533323e-01	
   9.5300000e+02	  -1.8738131e-01	
   9.5349900e+02	  -1.8738131e-01	
   9.5400000e+02	  -2.4868989e-01	
   9.5449900e+02	  -2.4868989e-01	
   9.5500000e+02	  -3.0901699e-01	
   9.5549900e+02	  -3.0901699e-01	
   9.5600000e+02	  -3.6812455e-01	
   9.5649900e+02	  -3.6812455e-01	
   9.5700000e+02	  -4.2577929e-01	
   9.5749900e+02	  -4.2577929e-01	
   9.5800000e+02	  -4.8175367e-01	
   9.5849900e+02	  -4.8175367e-01	
   9.5900000e+02	  -5.3582679e-01	
   9.5949900e+02	  -5.3582679e-01	
   9.6000000e+02	  -5.8778525e-01	
   9.6049900e+02	  -5.8778525e-01	
   9.6100000e+02	  -6.3742399e-01	
   9.6149900e+02	  -6.3742399e-01	
   9.6200000e+02	  -6.8454711e-01	
   9.6249900e+02	  -6.8454711e-01	
   9.6300000e+02	  -7.2896863e-01	
   9.6349900e+02	  -7.2896863e-01	
   9.6400000e+02	  -7.7051324e-01	
   9.6449900e+02	  -7.7051324e-01	
   9.6500000e+02	  -8.0901699e-01	
   9.6549900e+02	  -8.0901699e-01	
   9.6600000e+02	  -8.4432793e-01	
   9.6649900e+02	  -8.4432793e-01	
   9.6700000e+02	  -8.7630668e-01	
   9.6749900e+02	  -8.7630668e-01	
   9.6800000e+02	  -9.0482705e-01	
   9.6849900e+02	  -9.0482705e-01	
   9.6900000e+02	  -9.2977649e-01	
   9.6949900e+02	  -9.2977649e-01	
   9.7000000e+02	  -9.5105652e-01	
   9.7049900e+02	  -9.5105652e-01	
   9.7100000e+02	  -9.6858316e-01	
   9.7149900e+02	  -9.6858316e-01	
   9.7200000e+02	  -9.8228725e-01	
   9.7249900e+02	  -9.8228725e-01	
   9.7300000e+02	  -9.9211470e-01	
   9.7349900e+02	  -9.9211470e-01	
   9.7400000e+02	  -9.9802673e-01	
   9.7449900e+02	  -9.9802673e-01	
   9.7500000e+02	  -1.0000000e+00	
   9.7549900e+02	  -1.0000000e+00	
   9.7600000e+02	  -9.9802673e-01	
   9.7649900e+02	  -9.9802673e-01	
   9.7700000e+02	  -9.9211470e-01	
   9.7749900e+02	  -9.9211470e-01	
   9.7800000e+02	  -9.8228725e-01	
   9.7849900e+02	  -9.8228725e-01	
   9.7900000e+02	  -9.6858316e-01	
   9.7949900e+02	  -9.6858316e-01	
   9.8000000e+02	  -9.5105652e-01	
   9.8049900e+02	  -9.5105652e-01	
   9.8100000e+02	  -9.2977649e-01	
   9.8149900e+02	  -9.2977649e-01	
   9.8200000e+02	  -9.0482705e-01	
   9.8249900e+02	  -9.0482705e-01	
   9.8300000e+02	  -8.7630668e-01	
   9.8349900e+02	  -8.7630668e-01	
   9.8400000e+02	  -8.4432793e-01	
   9.8449900e+02	  -8.4432793e-01	
   9.8500000e+02	  -8.0901699e-01	
   9.8549900e+02	  -8.0901699e-01	
   9.8600000e+02	  -7.7051324e-01	
   9.8649900e+02	  -7.7051324e-01	
   9.8700000e+02	  -7.2896863e-01	
   9.8749900e+02	  -7.2896863e-01	
   9.8800000e+02	  -6.8454711e-01	
   9.8849900e+02	  -6.8454711e-01	
   9.8900000e+02	  -6.3742399e-01	
   9.8949900e+02	  -6.3742399e-01	
   9.9000000e+02	  -5.8778525e-01	
   9.9049900e+02	  -5.8778525e-01	
   9.9100000e+02	  -5.3582679e-01	
   9.9149900e+02	  -5.3582679e-01	
   9.9200000e+02	  -4.8175367e-01	
   9.9249900e+02	  -4.8175367e-01	
   9.9300000e+02	  -4.2577929e-01	
   9.9349900e+02	  -4.2577929e-01	
   9.9400000e+02	  -3.6812455e-01	
   9.9449900e+02	  -3.6812455e-01	
   9.9500000e+02	  -3.0901699e-01	
   9.9549900e+02	  -3.0901699e-01	
   9.9600000e+02	  -2.4868989e-01	
   9.9649900e+02	  -2.4868989e-01	
   9.9700000e+02	  -1.8738131e-01	
   9.9749900e+02	  -1.8738131e-01	
   9.9800000e+02	  -1.2533323e-01	
   9.9849900e+02	  -1.2533323e-01	
   9.9900000e+02	   1.9980000e+03	
   9.9950000e+02	   1.9990000e+03	
